Booking_ID,Class,Seat_Number,Flight_ID,Passenger_ID
1,First,3,1,20522
2,Business,21,2,15016
3,Economy,38,3,28559
4,First,39,4,29392
5,Business,45,5,6588
6,Economy,29,6,28294
7,Business,2,7,9051
8,Business,19,8,11067
9,Business,36,9,834
10,First,14,10,3082
11,First,28,11,14397
12,Business,29,12,28425
13,Economy,4,13,19849
14,Economy,15,14,17679
15,First,44,15,22611
16,Business,18,16,5413
17,Business,47,17,11726
18,Business,39,18,1260
19,First,35,19,15645
20,Business,47,20,17962
21,First,39,21,17668
22,First,46,22,23453
23,Business,12,23,7477
24,Business,9,24,5706
25,Economy,27,25,10366
26,Business,15,26,23676
27,Business,37,27,4393
28,First,46,28,1762
29,Economy,15,29,23317
30,First,6,30,18715
31,Business,6,31,4152
32,First,38,32,135
33,First,9,33,4369
34,First,12,34,18496
35,First,23,35,4932
36,Economy,29,36,1003
37,First,11,37,8986
38,First,29,38,22672
39,Economy,1,39,5084
40,Economy,11,40,9269
41,Economy,17,41,16723
42,First,19,42,11386
43,Business,37,43,1036
44,Business,37,44,23252
45,Economy,16,45,18815
46,First,42,46,28559
47,Business,7,47,2538
48,Economy,25,48,9544
49,Economy,17,49,19292
50,First,31,50,6143
51,Business,8,51,19274
52,First,15,52,9860
53,First,29,53,26311
54,Economy,17,54,7577
55,Business,50,55,876
56,Business,10,56,8617
57,Business,43,57,5366
58,Business,15,58,5852
59,First,20,59,10072
60,Business,33,60,12947
61,Business,38,61,13486
62,Economy,39,62,10853
63,Economy,14,63,12650
64,First,13,64,2240
65,Business,35,65,9396
66,Economy,43,66,27691
67,Economy,30,67,11288
68,Economy,47,68,2369
69,Business,9,69,29291
70,First,29,70,9243
71,Economy,28,71,24163
72,Economy,37,72,24059
73,Business,45,73,25904
74,Economy,34,74,5878
75,Economy,20,75,8738
76,First,45,76,21724
77,Economy,23,77,10508
78,Economy,5,78,27974
79,Economy,39,79,27489
80,First,38,80,21200
81,Business,45,81,20079
82,Business,44,82,28584
83,Business,36,83,2196
84,Economy,29,84,22125
85,Economy,24,85,21137
86,Business,38,86,8433
87,Economy,12,87,23966
88,Business,5,88,17685
89,Business,43,89,26262
90,Economy,35,90,3649
91,Business,14,91,28405
92,Economy,17,92,2766
93,Business,6,93,3285
94,First,21,94,630
95,Business,16,95,9577
96,Business,12,96,25904
97,Economy,36,97,18082
98,Business,11,98,18997
99,Economy,35,99,20109
100,Economy,49,100,11072
101,Economy,36,101,22928
102,Business,22,102,3395
103,First,41,103,21238
104,First,50,104,19329
105,Business,48,105,14876
106,First,23,106,22691
107,First,13,107,5907
108,Economy,25,108,19832
109,Business,9,109,12207
110,Economy,50,110,2561
111,First,50,111,26048
112,First,6,112,20808
113,Business,7,113,26131
114,Business,4,114,29460
115,Business,19,115,12491
116,Economy,11,116,10138
117,Economy,43,117,16404
118,Business,11,118,297
119,First,48,119,929
120,Economy,39,120,22781
121,Economy,30,121,11217
122,Economy,25,122,18119
123,Economy,31,123,1014
124,Economy,13,124,17775
125,Business,10,125,22210
126,Economy,23,126,24230
127,Economy,10,127,12489
128,Business,46,128,562
129,Business,38,129,18089
130,Business,14,130,3969
131,First,18,131,14164
132,Business,42,132,17064
133,Business,29,133,3667
134,First,42,134,10724
135,Business,22,135,1696
136,Business,34,136,2535
137,Business,3,137,12514
138,First,22,138,3173
139,Business,32,139,5237
140,Business,1,140,25808
141,Economy,2,141,12906
142,Business,4,142,28646
143,Economy,10,143,29390
144,First,3,144,27216
145,First,31,145,22146
146,Economy,43,146,6928
147,First,14,147,19417
148,First,41,148,19306
149,Economy,31,149,12712
150,Economy,47,150,4564
151,Economy,4,151,22632
152,First,43,152,25340
153,Economy,36,153,24858
154,Business,38,154,21845
155,Economy,31,155,28429
156,Economy,11,156,22841
157,Economy,22,157,25777
158,Economy,42,158,19114
159,First,10,159,12120
160,Economy,2,160,3495
161,First,47,161,10102
162,Business,8,162,9720
163,Economy,27,163,10759
164,First,43,164,13029
165,Business,9,165,1709
166,Business,14,166,8860
167,Business,3,167,5606
168,Business,20,168,21476
169,First,38,169,3333
170,First,23,170,5731
171,Business,34,171,17968
172,First,11,172,4644
173,First,19,173,1392
174,First,46,174,10646
175,Business,31,175,3564
176,Business,23,176,18454
177,Economy,40,177,18713
178,Economy,18,178,16864
179,First,10,179,8186
180,First,25,180,10238
181,First,10,181,4482
182,Economy,27,182,24092
183,Economy,21,183,2317
184,Business,18,184,16963
185,Economy,3,185,13036
186,Business,16,186,20962
187,First,27,187,6860
188,Economy,26,188,29272
189,Business,13,189,15700
190,First,41,190,29825
191,Economy,30,191,16310
192,Business,9,192,26896
193,First,3,193,16934
194,First,14,194,10698
195,Business,26,195,5565
196,Business,1,196,20718
197,First,41,197,23270
198,First,44,198,7904
199,Economy,50,199,21271
200,Economy,17,200,16273
201,First,46,201,25713
202,Business,49,202,6157
203,Economy,11,203,15786
204,Business,20,204,14499
205,First,28,205,28297
206,Business,21,206,21725
207,Business,1,207,18921
208,First,25,208,24187
209,Business,17,209,27051
210,Economy,12,210,5398
211,Economy,17,211,20183
212,Business,17,212,19734
213,Economy,26,213,17436
214,First,13,214,8186
215,Business,17,215,8834
216,Economy,40,216,20172
217,Economy,30,217,24279
218,Economy,46,218,27094
219,First,7,219,11668
220,Economy,39,220,17265
221,Business,42,221,23798
222,Economy,24,222,29744
223,First,44,223,21542
224,Business,33,224,4574
225,Economy,37,225,6906
226,Economy,36,226,26642
227,Business,38,227,3584
228,First,36,228,20982
229,Business,49,229,19178
230,First,26,230,21187
231,Economy,23,231,2311
232,Business,16,232,13617
233,Business,46,233,11775
234,Economy,27,234,3012
235,Economy,9,235,14359
236,First,37,236,27209
237,Business,49,237,9683
238,Economy,35,238,22442
239,Economy,31,239,14968
240,Economy,38,240,18900
241,Business,13,241,5241
242,First,24,242,15619
243,Business,48,243,11278
244,Business,8,244,20502
245,Economy,14,245,18675
246,Economy,43,246,12738
247,Economy,48,247,21902
248,Business,7,248,25020
249,Economy,44,249,27572
250,Economy,40,250,5642
251,Business,48,251,19522
252,Business,41,252,24410
253,Business,8,253,5665
254,Economy,41,254,263
255,First,48,255,20470
256,Business,12,256,2605
257,First,34,257,14761
258,First,35,258,9919
259,Business,22,259,19217
260,Economy,33,260,8771
261,First,35,261,7561
262,Economy,48,262,2708
263,Business,24,263,14483
264,Business,13,264,18048
265,First,31,265,4530
266,Business,6,266,264
267,First,41,267,2892
268,First,2,268,7337
269,First,4,269,4286
270,First,36,270,16790
271,Economy,36,271,18026
272,First,25,272,6031
273,First,8,273,8481
274,First,35,274,21543
275,Economy,1,275,3959
276,Business,2,276,17450
277,Business,34,277,21216
278,Economy,47,278,10926
279,First,29,279,20944
280,First,46,280,1762
281,Economy,43,281,15393
282,Business,39,282,15205
283,Economy,35,283,26466
284,Business,11,284,15091
285,Business,4,285,20946
286,Economy,2,286,5604
287,Business,26,287,10687
288,Business,15,288,18795
289,First,49,289,650
290,Business,4,290,13975
291,Business,36,291,8258
292,Economy,39,292,11408
293,Economy,14,293,14157
294,Economy,44,294,14414
295,Economy,28,295,6846
296,Business,31,296,24006
297,Economy,1,297,23356
298,Business,42,298,11820
299,Business,50,299,22959
300,Economy,20,300,10438
301,First,26,301,5644
302,First,42,302,24935
303,Economy,4,303,9494
304,Business,35,304,20522
305,Business,1,305,8822
306,Business,39,306,17039
307,Economy,9,307,11986
308,First,44,308,20702
309,Economy,10,309,28509
310,Economy,50,310,14743
311,First,3,311,4032
312,Business,3,312,12213
313,Economy,47,313,9234
314,Business,6,314,19593
315,Business,40,315,5596
316,First,11,316,12999
317,Economy,27,317,5757
318,Economy,40,318,7440
319,Business,9,319,8574
320,Economy,20,320,22401
321,Business,43,321,3857
322,First,43,322,3671
323,Economy,4,323,8580
324,First,30,324,28724
325,Business,20,325,4109
326,Economy,23,326,21188
327,Economy,31,327,23951
328,Economy,10,328,27115
329,First,20,329,11174
330,Economy,30,330,5823
331,Economy,45,331,21763
332,First,25,332,14437
333,Economy,18,333,23741
334,Economy,25,334,17073
335,First,7,335,14563
336,Economy,2,336,24242
337,Business,5,337,2588
338,Business,32,338,5782
339,First,50,339,10578
340,First,31,340,8865
341,First,2,341,206
342,Economy,27,342,24508
343,Economy,18,343,6401
344,First,30,344,15768
345,Business,13,345,20568
346,Business,48,346,12499
347,Economy,28,347,14499
348,Economy,1,348,17582
349,Business,34,349,2649
350,Economy,24,350,16233
351,Economy,9,351,68
352,Business,11,352,4576
353,First,24,353,14732
354,Business,45,354,3723
355,Business,40,355,6846
356,First,27,356,2501
357,Economy,3,357,2888
358,First,12,358,21563
359,Economy,23,359,317
360,Business,23,360,407
361,Economy,43,361,10217
362,Economy,46,362,6425
363,First,19,363,2283
364,First,19,364,14155
365,First,15,365,1409
366,Business,41,366,17297
367,Business,42,367,10032
368,Economy,4,368,6154
369,Business,32,369,9236
370,Economy,18,370,13274
371,Economy,49,371,16864
372,First,22,372,29593
373,First,9,373,16011
374,Economy,3,374,19371
375,Economy,1,375,7828
376,Business,19,376,5706
377,Business,7,377,25312
378,Business,36,378,14403
379,First,33,379,3250
380,First,46,380,27127
381,First,29,381,14767
382,First,48,382,29854
383,Economy,22,383,4190
384,First,36,384,7391
385,First,31,385,21331
386,Economy,30,386,19376
387,Economy,44,387,26445
388,Business,7,388,7395
389,Business,24,389,19239
390,Business,31,390,1186
391,Economy,46,391,16197
392,First,3,392,12097
393,Business,32,393,665
394,Business,35,394,14776
395,Business,49,395,5061
396,First,13,396,19952
397,First,6,397,29678
398,Economy,23,398,5679
399,First,22,399,5026
400,First,6,400,1388
401,Business,19,401,8773
402,Economy,17,402,9269
403,First,17,403,9751
404,First,44,404,22080
405,First,6,405,18440
406,First,19,406,6415
407,Business,19,407,25340
408,First,1,408,6202
409,Economy,29,409,11263
410,Economy,9,410,29371
411,First,50,411,27291
412,Business,7,412,24288
413,First,30,413,25806
414,Economy,37,414,14429
415,Economy,49,415,10512
416,Economy,12,416,29942
417,Economy,26,417,23275
418,Economy,35,418,2908
419,Economy,42,419,20683
420,First,42,420,4283
421,Business,17,421,21952
422,Business,2,422,28177
423,First,50,423,1598
424,First,10,424,7119
425,Business,15,425,18792
426,Business,3,426,23838
427,Business,35,427,4189
428,First,18,428,17828
429,First,48,429,14940
430,First,39,430,18089
431,Business,8,431,29701
432,Economy,25,432,19617
433,First,11,433,6265
434,Business,11,434,29226
435,First,6,435,5226
436,Business,28,436,27733
437,First,29,437,19811
438,Business,17,438,7764
439,Economy,32,439,1539
440,Business,2,440,22446
441,Business,41,441,5648
442,Economy,46,442,21181
443,Business,41,443,22178
444,Business,12,444,10747
445,Economy,11,445,26553
446,Economy,50,446,27264
447,Business,50,447,17465
448,Business,3,448,10348
449,Business,34,449,8738
450,First,50,450,28347
451,Economy,41,451,27110
452,Business,25,452,16162
453,First,45,453,20141
454,Business,24,454,29588
455,Economy,22,455,1254
456,Business,18,456,18077
457,Business,37,457,11070
458,Business,45,458,23668
459,Business,17,459,14609
460,First,8,460,17762
461,Economy,41,461,27878
462,First,35,462,26349
463,Business,45,463,2051
464,First,34,464,9879
465,Economy,17,465,8626
466,First,1,466,2865
467,Business,11,467,20627
468,Economy,12,468,19671
469,Economy,48,469,8847
470,Economy,31,470,4180
471,First,16,471,15027
472,Economy,9,472,5357
473,First,43,473,952
474,Business,36,474,5576
475,Economy,46,475,21086
476,First,11,476,22053
477,First,46,477,3189
478,First,46,478,3693
479,Economy,9,479,3026
480,Economy,10,480,1840
481,Economy,24,481,4974
482,Economy,33,482,4559
483,First,14,483,29927
484,Business,15,484,20632
485,Business,5,485,3015
486,Economy,4,486,14310
487,Business,6,487,249
488,First,46,488,24014
489,First,29,489,7903
490,Business,12,490,27169
491,Business,4,491,22285
492,Economy,43,492,5105
493,Business,9,493,22820
494,First,12,494,2907
495,Economy,2,495,8296
496,Economy,41,496,4445
497,First,22,497,3148
498,Economy,14,498,5536
499,Economy,15,499,22789
500,First,33,500,24702
501,Business,38,501,19330
502,Economy,8,502,4750
503,Economy,42,503,13198
504,First,23,504,28575
505,First,33,505,12665
506,First,27,506,265
507,Economy,35,507,20456
508,Economy,24,508,19151
509,Economy,32,509,28634
510,Business,18,510,3091
511,Business,8,511,21775
512,Business,27,512,5269
513,Economy,23,513,4297
514,Business,10,514,6589
515,First,13,515,25089
516,First,24,516,10472
517,Business,29,517,2203
518,Economy,18,518,26693
519,First,33,519,7248
520,Economy,16,520,14732
521,First,41,521,12324
522,Economy,35,522,12906
523,First,50,523,22481
524,First,39,524,12757
525,First,26,525,12077
526,First,27,526,4139
527,Business,45,527,16532
528,Business,32,528,12895
529,Business,46,529,6770
530,First,12,530,28162
531,Business,40,531,19170
532,Business,9,532,8986
533,Economy,32,533,10015
534,First,1,534,19660
535,Business,45,535,26842
536,First,12,536,5678
537,First,3,537,9548
538,Business,45,538,11450
539,Business,49,539,11807
540,First,49,540,5875
541,First,12,541,15678
542,Economy,37,542,994
543,First,18,543,28572
544,First,30,544,26457
545,Economy,33,545,2149
546,Business,22,546,22383
547,Economy,50,547,11016
548,First,17,548,6716
549,First,49,549,21153
550,Economy,45,550,5240
551,First,22,551,29807
552,Business,42,552,6580
553,First,50,553,22093
554,Economy,29,554,18112
555,Business,28,555,28739
556,Business,34,556,11760
557,Economy,12,557,29270
558,Economy,30,558,3711
559,First,19,559,28513
560,First,44,560,13886
561,Economy,17,561,16594
562,Economy,39,562,65
563,First,17,563,24449
564,Economy,21,564,29823
565,First,35,565,4515
566,Economy,49,566,8838
567,First,13,567,9592
568,First,44,568,17032
569,First,47,569,23139
570,First,48,570,9766
571,Economy,13,571,27874
572,First,30,572,9847
573,Economy,27,573,4350
574,Economy,22,574,23185
575,Economy,31,575,24202
576,Economy,3,576,13353
577,Economy,19,577,25075
578,Economy,47,578,28804
579,Business,18,579,23631
580,First,44,580,19110
581,First,40,581,18302
582,First,41,582,25815
583,Economy,16,583,17537
584,Economy,45,584,13831
585,Economy,46,585,24601
586,Economy,41,586,10024
587,First,33,587,6162
588,Economy,41,588,10169
589,First,40,589,17476
590,First,5,590,4433
591,Economy,11,591,16318
592,Economy,13,592,24736
593,Economy,7,593,2963
594,Business,39,594,28319
595,Business,12,595,23446
596,Economy,10,596,20187
597,Economy,18,597,19343
598,First,46,598,25452
599,First,29,599,27489
600,Business,33,600,7552
601,First,2,601,12468
602,Business,19,602,21043
603,First,43,603,6195
604,Business,34,604,13564
605,Economy,18,605,23813
606,Business,22,606,15748
607,Business,1,607,15149
608,Business,46,608,22547
609,Economy,29,609,8575
610,Business,35,610,553
611,First,24,611,775
612,First,21,612,2937
613,First,30,613,4172
614,First,50,614,13699
615,Business,18,615,4756
616,Business,12,616,24176
617,Business,44,617,12144
618,Economy,43,618,1550
619,First,39,619,16837
620,First,31,620,20373
621,Economy,31,621,13097
622,Business,26,622,4923
623,Business,39,623,11299
624,Economy,6,624,17278
625,Economy,37,625,18764
626,Economy,46,626,25872
627,First,31,627,13782
628,Business,1,628,9713
629,Business,26,629,27939
630,First,36,630,21307
631,Economy,11,631,19180
632,Economy,8,632,2353
633,Business,40,633,21199
634,Business,47,634,17487
635,First,40,635,19405
636,First,7,636,22057
637,First,14,637,26077
638,Economy,31,638,23167
639,First,43,639,1233
640,First,32,640,26651
641,Business,43,641,15702
642,First,42,642,24393
643,First,13,643,1105
644,First,4,644,22047
645,Business,9,645,19127
646,Business,45,646,3642
647,Economy,33,647,16517
648,First,3,648,11492
649,Business,17,649,19564
650,Economy,42,650,27056
651,Economy,1,651,4082
652,First,20,652,26127
653,Business,27,653,12329
654,Business,39,654,20232
655,First,23,655,1930
656,Business,44,656,2263
657,First,8,657,16016
658,First,49,658,21307
659,Business,50,659,29062
660,Business,29,660,27350
661,Business,16,661,29673
662,Business,43,662,1879
663,Economy,22,663,24677
664,First,45,664,20036
665,Business,43,665,4757
666,Economy,44,666,25445
667,Business,16,667,16303
668,Business,3,668,13571
669,Economy,17,669,25390
670,Economy,10,670,8340
671,Economy,6,671,25906
672,Business,17,672,23040
673,First,50,673,16069
674,First,13,674,11030
675,Economy,41,675,13463
676,First,47,676,9951
677,First,12,677,26448
678,First,1,678,26558
679,First,31,679,6672
680,Economy,30,680,6642
681,First,8,681,21682
682,First,10,682,7633
683,First,32,683,16272
684,Economy,23,684,14840
685,Economy,31,685,13854
686,Business,46,686,14517
687,Economy,37,687,23055
688,Economy,33,688,28012
689,First,27,689,24480
690,First,41,690,8016
691,Business,37,691,20689
692,Economy,20,692,26772
693,Economy,38,693,17353
694,Economy,5,694,28808
695,First,35,695,19274
696,Business,34,696,18004
697,Economy,35,697,18923
698,Economy,26,698,28625
699,Business,19,699,13997
700,Business,36,700,17043
701,First,40,701,9737
702,Business,8,702,22316
703,Economy,23,703,28746
704,Business,42,704,17759
705,Economy,42,705,29591
706,Economy,8,706,23323
707,Business,34,707,20225
708,Economy,9,708,20606
709,First,43,709,13673
710,Business,46,710,28719
711,First,35,711,25442
712,Economy,38,712,246
713,Economy,9,713,28468
714,Business,21,714,9411
715,First,2,715,18246
716,First,35,716,20222
717,First,50,717,6754
718,Business,22,718,20401
719,Economy,10,719,3255
720,Economy,38,720,16521
721,First,38,721,2465
722,First,41,722,8915
723,Economy,26,723,7480
724,First,18,724,10614
725,Business,14,725,12176
726,First,17,726,27909
727,Business,9,727,21613
728,Business,20,728,4021
729,Business,25,729,19617
730,First,46,730,24811
731,Business,34,731,15219
732,Economy,22,732,17220
733,Economy,3,733,27643
734,First,1,734,10467
735,Business,2,735,15946
736,Business,18,736,5787
737,Business,15,737,24496
738,First,15,738,8361
739,Business,47,739,184
740,Business,31,740,25766
741,First,42,741,27084
742,First,25,742,23073
743,Business,14,743,18407
744,Economy,41,744,8281
745,Business,10,745,12853
746,Economy,18,746,9167
747,First,24,747,10771
748,First,11,748,19001
749,Business,6,749,6358
750,Business,48,750,21510
751,Business,6,751,10808
752,First,11,752,15694
753,First,1,753,22176
754,First,25,754,10721
755,First,34,755,21100
756,Economy,24,756,14430
757,Business,43,757,9658
758,Business,38,758,20026
759,First,35,759,19659
760,Business,17,760,18357
761,Economy,18,761,5480
762,Business,6,762,27890
763,First,36,763,5252
764,First,10,764,13829
765,Economy,18,765,28648
766,First,18,766,24031
767,Economy,23,767,26080
768,Business,16,768,1088
769,Economy,8,769,25612
770,First,47,770,19594
771,First,5,771,7323
772,Economy,3,772,19378
773,Business,3,773,14464
774,Economy,2,774,16881
775,First,38,775,1973
776,Economy,4,776,16068
777,Business,29,777,26105
778,Economy,47,778,10286
779,Business,11,779,16902
780,First,13,780,25319
781,Economy,8,781,17951
782,First,35,782,14825
783,Economy,11,783,16093
784,Economy,30,784,28517
785,Economy,33,785,17762
786,Business,16,786,11061
787,First,5,787,1293
788,First,3,788,6886
789,Business,45,789,28591
790,First,45,790,23925
791,Business,44,791,17585
792,Business,7,792,25488
793,First,2,793,12713
794,First,20,794,21877
795,Business,25,795,4707
796,Business,49,796,11228
797,Economy,49,797,16894
798,First,13,798,27630
799,Economy,12,799,13298
800,First,24,800,69
801,Business,20,801,5558
802,First,44,802,21107
803,Economy,39,803,23228
804,First,21,804,17062
805,First,48,805,22369
806,Economy,32,806,15655
807,First,18,807,10579
808,Economy,42,808,10569
809,Business,27,809,3418
810,First,46,810,6205
811,Business,47,811,3145
812,First,38,812,23652
813,Business,23,813,24775
814,Business,37,814,17173
815,First,3,815,26207
816,Economy,12,816,15245
817,Economy,10,817,5080
818,First,33,818,25134
819,First,36,819,3920
820,Economy,7,820,19794
821,Business,7,821,7927
822,Business,25,822,5588
823,Business,1,823,21025
824,Business,44,824,18707
825,Business,39,825,5581
826,Business,3,826,23934
827,Economy,29,827,28073
828,First,6,828,8238
829,Business,30,829,3517
830,First,28,830,10087
831,First,28,831,12796
832,Business,29,832,5890
833,Economy,19,833,1044
834,Business,22,834,17973
835,Economy,15,835,14988
836,First,43,836,25742
837,Business,2,837,18172
838,First,43,838,8421
839,Business,35,839,8473
840,Economy,12,840,12166
841,First,45,841,18528
842,First,11,842,11960
843,Business,19,843,13202
844,First,43,844,29144
845,Economy,13,845,13794
846,First,27,846,1954
847,First,28,847,20916
848,Economy,48,848,11246
849,Economy,47,849,6061
850,Economy,22,850,10529
851,First,36,851,20444
852,Economy,20,852,13432
853,Economy,46,853,7903
854,Business,28,854,20749
855,First,2,855,23243
856,First,25,856,18685
857,First,43,857,21368
858,First,45,858,13006
859,First,18,859,1555
860,Economy,4,860,17041
861,First,31,861,1865
862,Economy,48,862,6826
863,Economy,50,863,3261
864,Economy,42,864,12052
865,Business,3,865,27663
866,Economy,29,866,17104
867,Economy,46,867,2660
868,Economy,1,868,1461
869,Business,41,869,17703
870,Economy,9,870,23709
871,Business,10,871,3858
872,Business,43,872,9861
873,First,16,873,16109
874,First,45,874,23300
875,Economy,12,875,9402
876,Business,22,876,18089
877,First,42,877,25392
878,First,23,878,9572
879,Business,46,879,12792
880,Business,37,880,18446
881,Economy,50,881,28197
882,First,29,882,12013
883,Economy,43,883,15651
884,First,50,884,19914
885,Economy,2,885,11527
886,First,44,886,27604
887,First,1,887,14452
888,Economy,39,888,19667
889,First,1,889,21840
890,First,3,890,3211
891,First,13,891,28711
892,Business,39,892,26349
893,Business,23,893,1697
894,Economy,7,894,18386
895,First,19,895,24155
896,First,50,896,28035
897,Economy,9,897,12914
898,Economy,42,898,29600
899,First,48,899,13742
900,Business,25,900,17407
901,Business,48,901,25621
902,Business,2,902,13277
903,Economy,23,903,7088
904,Business,34,904,16080
905,Business,35,905,12142
906,Economy,5,906,27409
907,First,1,907,6578
908,Economy,28,908,13279
909,First,42,909,14719
910,First,3,910,23575
911,Business,22,911,28524
912,First,49,912,17825
913,Economy,33,913,15205
914,Business,7,914,7503
915,Business,48,915,15608
916,Business,1,916,3330
917,Economy,41,917,10908
918,First,36,918,8656
919,First,21,919,9548
920,First,11,920,10612
921,Economy,5,921,19845
922,Economy,27,922,16166
923,First,4,923,27467
924,First,3,924,16434
925,Economy,50,925,6578
926,Economy,42,926,24252
927,Economy,46,927,14264
928,First,19,928,15425
929,First,3,929,26121
930,First,26,930,11390
931,First,16,931,22742
932,Economy,43,932,3911
933,Business,26,933,27311
934,First,16,934,1809
935,Business,33,935,16568
936,Economy,18,936,5743
937,First,27,937,28839
938,Business,19,938,10971
939,Economy,21,939,29128
940,Economy,34,940,9970
941,Business,24,941,27865
942,First,37,942,29213
943,First,42,943,22146
944,First,44,944,21057
945,Economy,23,945,2218
946,Business,21,946,13243
947,Economy,29,947,10181
948,Economy,25,948,19853
949,First,12,949,3009
950,Economy,11,950,20467
951,First,14,951,5727
952,Business,28,952,27643
953,First,26,953,3524
954,Business,30,954,531
955,Business,12,955,10083
956,First,30,956,20594
957,Business,23,957,26658
958,First,43,958,29853
959,First,31,959,6377
960,First,42,960,17179
961,Business,14,961,20739
962,First,34,962,4804
963,Business,33,963,14544
964,Economy,49,964,7398
965,Business,14,965,2537
966,First,4,966,28999
967,Business,7,967,9713
968,Business,14,968,22450
969,First,2,969,25118
970,Economy,3,970,18867
971,Business,22,971,21565
972,First,35,972,12679
973,First,50,973,23310
974,First,14,974,9514
975,Business,20,975,29466
976,Economy,43,976,11597
977,Economy,23,977,1032
978,First,39,978,18824
979,Economy,44,979,3146
980,First,45,980,676
981,First,7,981,26742
982,Economy,13,982,12355
983,Business,4,983,25499
984,First,43,984,5720
985,Economy,41,985,1130
986,Economy,44,986,7513
987,Economy,37,987,26173
988,Economy,14,988,6642
989,Business,20,989,3877
990,First,11,990,19672
991,Economy,19,991,25076
992,Economy,22,992,26313
993,First,33,993,26889
994,Business,32,994,16657
995,Economy,40,995,20526
996,First,25,996,19652
997,Business,28,997,28276
998,Business,48,998,17952
999,First,30,999,24382
1000,Business,40,1000,14469
1001,Economy,21,1,5844
1002,First,35,2,29837
1003,First,3,3,1620
1004,Business,43,4,27773
1005,Economy,48,5,20926
1006,First,46,6,27679
1007,Business,19,7,2987
1008,Business,45,8,9540
1009,Business,31,9,17585
1010,First,38,10,6028
1011,Economy,29,11,3801
1012,Economy,14,12,15699
1013,Business,34,13,4448
1014,First,11,14,4293
1015,Economy,11,15,4036
1016,Economy,20,16,5598
1017,Business,50,17,11244
1018,First,12,18,27164
1019,First,14,19,4116
1020,Economy,27,20,6749
1021,Business,29,21,4042
1022,Business,22,22,7908
1023,First,14,23,5252
1024,First,39,24,28849
1025,Economy,17,25,10490
1026,Business,42,26,25947
1027,First,5,27,25297
1028,First,8,28,22300
1029,First,26,29,7481
1030,Economy,25,30,8017
1031,Business,38,31,3711
1032,Business,17,32,16443
1033,Economy,10,33,22398
1034,Economy,20,34,24377
1035,Business,10,35,10461
1036,Economy,24,36,17659
1037,Business,38,37,11972
1038,Economy,28,38,20079
1039,First,14,39,10472
1040,First,7,40,24933
1041,Business,24,41,28251
1042,Business,45,42,4458
1043,Economy,14,43,3568
1044,Economy,26,44,24871
1045,Economy,39,45,13240
1046,First,7,46,19798
1047,First,31,47,29916
1048,Economy,40,48,20306
1049,Business,14,49,1929
1050,Economy,42,50,16097
1051,Business,32,51,9436
1052,First,27,52,25455
1053,First,11,53,3001
1054,Economy,11,54,1150
1055,Business,7,55,14783
1056,Economy,15,56,10791
1057,Business,19,57,4792
1058,First,40,58,24669
1059,Economy,10,59,18022
1060,First,26,60,24483
1061,Economy,17,61,17780
1062,Economy,33,62,19127
1063,Economy,20,63,24386
1064,Business,31,64,20392
1065,Business,7,65,22410
1066,Economy,42,66,1882
1067,Economy,35,67,20379
1068,Economy,35,68,13155
1069,Economy,37,69,15454
1070,Economy,18,70,22264
1071,First,36,71,20156
1072,Economy,47,72,24160
1073,Business,45,73,5785
1074,Economy,17,74,28048
1075,Economy,47,75,5783
1076,First,3,76,22349
1077,First,42,77,2731
1078,Business,40,78,4700
1079,Economy,15,79,18025
1080,Economy,17,80,6070
1081,Economy,6,81,4364
1082,Business,50,82,24144
1083,Business,1,83,2105
1084,Economy,42,84,24030
1085,Economy,18,85,9462
1086,Business,23,86,493
1087,Business,15,87,24641
1088,First,3,88,4749
1089,Business,44,89,18600
1090,First,44,90,26710
1091,Economy,12,91,29113
1092,Business,30,92,23955
1093,Business,42,93,9071
1094,Business,3,94,6169
1095,First,7,95,11511
1096,First,20,96,10853
1097,Business,19,97,29327
1098,Business,14,98,19117
1099,Business,12,99,8446
1100,First,44,100,3696
1101,Economy,33,101,5599
1102,Economy,8,102,19826
1103,Economy,39,103,8990
1104,Business,34,104,492
1105,Economy,16,105,21826
1106,First,11,106,15846
1107,Business,11,107,18459
1108,First,15,108,29890
1109,Business,31,109,23696
1110,Business,28,110,21428
1111,First,32,111,21592
1112,Business,40,112,17239
1113,Economy,44,113,8309
1114,Economy,8,114,16020
1115,Business,13,115,7423
1116,Business,13,116,5426
1117,First,29,117,28317
1118,Business,7,118,6484
1119,Business,30,119,10628
1120,Business,31,120,29002
1121,Economy,33,121,23444
1122,Business,47,122,19246
1123,First,8,123,16071
1124,Economy,45,124,343
1125,Business,7,125,2507
1126,Business,32,126,7964
1127,Business,9,127,48
1128,First,27,128,8628
1129,Business,5,129,24205
1130,Economy,12,130,17381
1131,Economy,31,131,7013
1132,Business,49,132,11355
1133,First,4,133,26764
1134,First,11,134,29728
1135,Business,8,135,10523
1136,First,37,136,20564
1137,Economy,42,137,1380
1138,Business,4,138,2937
1139,Economy,48,139,25727
1140,Business,14,140,6689
1141,Economy,15,141,223
1142,Business,49,142,26128
1143,Economy,2,143,5783
1144,First,8,144,12885
1145,Economy,41,145,275
1146,Business,16,146,19436
1147,Business,30,147,13126
1148,Business,8,148,18021
1149,First,19,149,24316
1150,Business,27,150,9653
1151,Business,44,151,15670
1152,Business,49,152,25558
1153,First,16,153,25619
1154,Economy,38,154,8024
1155,Business,6,155,12547
1156,Economy,42,156,25461
1157,Economy,12,157,18417
1158,Business,46,158,11424
1159,First,32,159,19900
1160,First,40,160,8582
1161,First,16,161,4390
1162,Business,27,162,1439
1163,First,50,163,23640
1164,Business,7,164,15873
1165,Economy,45,165,13905
1166,First,34,166,9059
1167,First,25,167,24689
1168,Economy,19,168,22140
1169,First,37,169,4845
1170,Economy,11,170,15679
1171,Economy,47,171,20676
1172,Economy,46,172,10046
1173,First,3,173,4042
1174,First,30,174,4749
1175,Economy,47,175,7489
1176,Business,42,176,28891
1177,First,6,177,5404
1178,Business,17,178,3849
1179,Business,19,179,9303
1180,Business,32,180,3914
1181,Business,47,181,14130
1182,Business,30,182,11755
1183,Business,28,183,28463
1184,First,21,184,26348
1185,First,11,185,13676
1186,Economy,44,186,4718
1187,First,7,187,2600
1188,Business,10,188,25612
1189,Business,33,189,27188
1190,Business,6,190,10486
1191,First,13,191,18405
1192,First,30,192,14987
1193,First,45,193,20006
1194,First,23,194,22185
1195,Business,42,195,7323
1196,Business,3,196,25187
1197,Economy,19,197,11316
1198,Economy,18,198,16834
1199,First,10,199,18964
1200,First,30,200,18807
1201,Business,8,201,15523
1202,First,28,202,14523
1203,First,10,203,22115
1204,First,36,204,5176
1205,First,47,205,21385
1206,Economy,35,206,11776
1207,Economy,24,207,20263
1208,Business,22,208,6566
1209,First,40,209,27880
1210,First,50,210,20406
1211,Business,1,211,6524
1212,Economy,49,212,11635
1213,Economy,42,213,27656
1214,Economy,24,214,2029
1215,Business,7,215,8140
1216,First,7,216,24366
1217,Business,49,217,4704
1218,Economy,12,218,29244
1219,First,36,219,14681
1220,Economy,17,220,28063
1221,Business,26,221,17353
1222,Business,16,222,28190
1223,First,38,223,23467
1224,Business,2,224,5513
1225,First,40,225,11007
1226,Economy,7,226,9097
1227,Business,29,227,10291
1228,Business,9,228,28380
1229,Economy,49,229,11434
1230,Business,9,230,12796
1231,Business,50,231,2274
1232,Business,37,232,8101
1233,Economy,50,233,1595
1234,Business,44,234,6860
1235,Business,24,235,20621
1236,First,1,236,12699
1237,Economy,50,237,21871
1238,Business,18,238,5635
1239,Business,37,239,1007
1240,Business,29,240,29052
1241,First,31,241,9123
1242,Economy,11,242,12575
1243,Business,40,243,17889
1244,Business,42,244,4835
1245,First,31,245,28390
1246,Business,33,246,24020
1247,First,35,247,26584
1248,Economy,26,248,17876
1249,Economy,31,249,3435
1250,First,25,250,27185
1251,Economy,13,251,17381
1252,First,18,252,28747
1253,Business,2,253,6326
1254,Business,4,254,7503
1255,Business,15,255,26193
1256,First,10,256,6051
1257,Economy,6,257,17287
1258,Business,45,258,2889
1259,Economy,46,259,26857
1260,Economy,15,260,29153
1261,Business,19,261,20991
1262,Business,8,262,516
1263,First,27,263,29225
1264,Business,14,264,11176
1265,Economy,42,265,2098
1266,Economy,24,266,4357
1267,First,48,267,18749
1268,Economy,45,268,2522
1269,Economy,23,269,23120
1270,Business,9,270,24431
1271,First,42,271,8375
1272,Business,35,272,23252
1273,First,33,273,20194
1274,First,10,274,14609
1275,Business,9,275,27039
1276,Business,16,276,19512
1277,First,16,277,16804
1278,Business,16,278,15367
1279,Economy,50,279,12544
1280,First,39,280,18196
1281,Business,47,281,25660
1282,Business,8,282,18239
1283,Business,22,283,23049
1284,First,33,284,10469
1285,First,40,285,9448
1286,First,25,286,2980
1287,Business,3,287,9519
1288,Economy,31,288,4934
1289,First,29,289,19058
1290,Business,41,290,4218
1291,Economy,36,291,22350
1292,Economy,16,292,889
1293,Business,46,293,28756
1294,Economy,28,294,28177
1295,Business,38,295,27368
1296,Business,29,296,18372
1297,First,39,297,10537
1298,First,9,298,25232
1299,Business,12,299,24494
1300,Business,40,300,24525
1301,Economy,9,301,1602
1302,Economy,1,302,27691
1303,Economy,13,303,3093
1304,Business,13,304,25851
1305,Economy,37,305,1619
1306,First,29,306,25683
1307,First,18,307,7572
1308,Economy,27,308,29164
1309,Business,6,309,19216
1310,Business,14,310,20893
1311,Business,47,311,29034
1312,First,3,312,1290
1313,First,48,313,28811
1314,Economy,31,314,19216
1315,Business,4,315,9971
1316,Business,3,316,12769
1317,First,14,317,4968
1318,Business,8,318,28602
1319,Economy,37,319,26594
1320,Business,37,320,27063
1321,Economy,3,321,6976
1322,Business,18,322,9024
1323,First,1,323,5963
1324,First,45,324,1153
1325,First,4,325,18749
1326,Economy,24,326,1115
1327,Business,17,327,13875
1328,First,6,328,2447
1329,First,42,329,22949
1330,Economy,38,330,7563
1331,First,18,331,17630
1332,First,9,332,27572
1333,Economy,9,333,1019
1334,First,12,334,16475
1335,Economy,42,335,8298
1336,First,23,336,22362
1337,First,32,337,25233
1338,Business,49,338,15251
1339,Business,9,339,15217
1340,First,14,340,16337
1341,Business,34,341,14564
1342,First,41,342,21638
1343,Economy,15,343,20172
1344,Economy,24,344,24340
1345,Economy,20,345,24351
1346,Business,38,346,26547
1347,Economy,21,347,24320
1348,Economy,28,348,3383
1349,Business,5,349,5960
1350,First,29,350,10568
1351,Business,4,351,28818
1352,Business,34,352,19239
1353,Business,19,353,26180
1354,First,49,354,6599
1355,Economy,4,355,7701
1356,Economy,3,356,29527
1357,First,21,357,943
1358,First,41,358,16323
1359,Business,43,359,27154
1360,Business,46,360,27348
1361,Economy,47,361,8252
1362,Business,2,362,9195
1363,First,33,363,22263
1364,Business,28,364,28463
1365,Economy,16,365,5256
1366,Economy,26,366,23879
1367,Business,11,367,14717
1368,Business,45,368,20305
1369,Business,5,369,23634
1370,Business,5,370,27148
1371,First,26,371,19331
1372,Economy,1,372,24382
1373,First,8,373,22292
1374,Business,7,374,1819
1375,Economy,4,375,13130
1376,First,10,376,25452
1377,Economy,7,377,29002
1378,Economy,25,378,29913
1379,Business,11,379,13486
1380,Business,47,380,19309
1381,First,36,381,18701
1382,First,12,382,15284
1383,Economy,13,383,23998
1384,Economy,1,384,13187
1385,Economy,41,385,16907
1386,Economy,17,386,6725
1387,First,49,387,1386
1388,First,20,388,19238
1389,Economy,21,389,26828
1390,First,47,390,26612
1391,Economy,23,391,2487
1392,Business,26,392,1586
1393,Economy,24,393,8068
1394,Economy,42,394,23593
1395,Economy,15,395,5272
1396,First,19,396,1575
1397,Business,23,397,18997
1398,Business,36,398,8414
1399,Business,21,399,15113
1400,First,4,400,26973
1401,Economy,50,401,11195
1402,Business,45,402,9564
1403,Business,35,403,14918
1404,First,45,404,28072
1405,Business,32,405,17650
1406,First,20,406,15660
1407,Business,13,407,3815
1408,Economy,42,408,2269
1409,First,46,409,9137
1410,First,6,410,24810
1411,First,9,411,9514
1412,Economy,22,412,5476
1413,Business,10,413,11167
1414,Business,50,414,15843
1415,First,47,415,5242
1416,Business,30,416,15582
1417,Business,16,417,15350
1418,Economy,17,418,26067
1419,Business,1,419,20676
1420,First,22,420,7300
1421,First,12,421,7393
1422,Business,2,422,26831
1423,Business,11,423,9319
1424,First,18,424,8310
1425,Business,18,425,26455
1426,Business,24,426,5563
1427,Economy,38,427,23565
1428,Economy,3,428,3178
1429,Business,44,429,13452
1430,First,24,430,24876
1431,Economy,4,431,1054
1432,Economy,21,432,24854
1433,Business,6,433,17800
1434,First,17,434,29903
1435,First,38,435,22537
1436,Economy,33,436,223
1437,First,46,437,16474
1438,Economy,47,438,8721
1439,Economy,42,439,12164
1440,First,15,440,15218
1441,Economy,9,441,28036
1442,Economy,29,442,25530
1443,Business,26,443,27710
1444,First,32,444,8117
1445,Economy,30,445,29597
1446,First,29,446,8326
1447,Economy,21,447,16808
1448,First,8,448,1612
1449,Economy,15,449,5556
1450,Economy,42,450,2879
1451,Economy,17,451,3642
1452,First,28,452,15951
1453,First,44,453,18661
1454,First,6,454,16280
1455,First,21,455,8075
1456,Economy,15,456,9228
1457,Economy,30,457,4500
1458,Business,9,458,26131
1459,Business,45,459,24721
1460,First,22,460,25454
1461,Economy,12,461,12046
1462,First,44,462,7201
1463,First,7,463,28002
1464,Economy,3,464,5272
1465,First,26,465,23153
1466,Business,17,466,25688
1467,Business,25,467,20741
1468,First,23,468,24059
1469,Business,29,469,14163
1470,Economy,31,470,10388
1471,First,9,471,14196
1472,Business,7,472,21970
1473,First,10,473,16443
1474,First,31,474,25098
1475,First,10,475,6722
1476,Economy,22,476,17623
1477,First,18,477,24570
1478,First,24,478,15792
1479,Business,45,479,26667
1480,Business,40,480,8718
1481,Business,25,481,2472
1482,First,18,482,253
1483,First,23,483,20986
1484,Economy,37,484,5635
1485,First,26,485,7187
1486,Economy,47,486,12897
1487,Economy,47,487,26227
1488,Business,50,488,8073
1489,Economy,23,489,7844
1490,Business,27,490,14367
1491,First,29,491,20564
1492,First,40,492,15415
1493,First,16,493,14982
1494,Economy,4,494,15692
1495,Business,24,495,18005
1496,Business,45,496,19169
1497,Business,22,497,21899
1498,Economy,36,498,27461
1499,Business,26,499,17816
1500,First,48,500,18303
1501,First,40,501,18196
1502,Economy,27,502,19025
1503,First,27,503,19272
1504,Economy,29,504,25772
1505,Economy,29,505,13905
1506,Business,45,506,7939
1507,First,31,507,9853
1508,Business,43,508,11819
1509,Business,49,509,25767
1510,Economy,21,510,25475
1511,First,16,511,7162
1512,Economy,38,512,25139
1513,First,9,513,27550
1514,Economy,42,514,3957
1515,Business,13,515,13626
1516,Business,8,516,9642
1517,Economy,30,517,10870
1518,First,8,518,28631
1519,Economy,13,519,13463
1520,First,50,520,19663
1521,Economy,37,521,20703
1522,Economy,35,522,21724
1523,First,26,523,21763
1524,First,4,524,20317
1525,Economy,8,525,7824
1526,First,7,526,27826
1527,Business,3,527,5295
1528,Economy,17,528,20653
1529,First,50,529,4180
1530,First,36,530,7143
1531,Economy,49,531,4117
1532,Business,24,532,2700
1533,First,43,533,10166
1534,Economy,9,534,5267
1535,First,17,535,9553
1536,Economy,29,536,23178
1537,Business,32,537,13843
1538,Economy,16,538,9913
1539,Economy,14,539,10226
1540,First,44,540,14861
1541,Economy,50,541,16756
1542,Business,23,542,1605
1543,Business,26,543,19363
1544,Business,7,544,26521
1545,First,29,545,6976
1546,Business,45,546,10583
1547,First,31,547,20303
1548,Business,31,548,26981
1549,Economy,21,549,5916
1550,Economy,32,550,934
1551,First,20,551,317
1552,Business,30,552,3223
1553,First,21,553,11195
1554,Economy,32,554,12688
1555,Economy,29,555,22752
1556,Business,22,556,16791
1557,First,46,557,21835
1558,First,34,558,9262
1559,Economy,36,559,18011
1560,Business,12,560,5189
1561,Economy,37,561,29411
1562,Business,2,562,29946
1563,Business,27,563,18005
1564,First,21,564,26642
1565,Economy,37,565,23300
1566,Economy,38,566,15849
1567,First,46,567,25764
1568,Economy,20,568,8654
1569,Business,37,569,6018
1570,First,47,570,3542
1571,Business,16,571,2148
1572,First,4,572,14116
1573,First,26,573,27544
1574,Economy,30,574,14361
1575,First,19,575,6801
1576,Economy,37,576,17357
1577,Economy,11,577,11450
1578,Economy,27,578,12624
1579,Economy,15,579,695
1580,First,13,580,7143
1581,Business,14,581,2311
1582,Business,30,582,27510
1583,First,25,583,472
1584,Business,8,584,6543
1585,First,34,585,20908
1586,Business,26,586,28107
1587,First,8,587,10951
1588,Business,23,588,5285
1589,Economy,9,589,1187
1590,Business,26,590,16978
1591,First,37,591,21074
1592,Economy,20,592,4763
1593,First,35,593,9167
1594,Business,42,594,4918
1595,Economy,15,595,4543
1596,Business,41,596,13892
1597,Economy,46,597,2561
1598,Business,49,598,17815
1599,Business,46,599,2017
1600,Business,17,600,20839
1601,First,12,601,3723
1602,Economy,8,602,15636
1603,First,29,603,8164
1604,Economy,35,604,14613
1605,Economy,25,605,4406
1606,Business,29,606,23678
1607,First,7,607,17351
1608,Economy,23,608,15426
1609,Business,13,609,26973
1610,Economy,16,610,633
1611,Economy,20,611,6962
1612,Business,48,612,20845
1613,Business,33,613,8535
1614,Economy,15,614,14859
1615,First,31,615,16033
1616,Business,45,616,13936
1617,Business,22,617,19950
1618,Business,40,618,10188
1619,First,42,619,14231
1620,Economy,22,620,21569
1621,First,44,621,24521
1622,Economy,25,622,6921
1623,Business,33,623,3151
1624,First,46,624,4131
1625,Economy,50,625,17715
1626,First,34,626,4884
1627,Economy,47,627,18624
1628,First,9,628,14495
1629,First,20,629,4427
1630,Economy,32,630,26504
1631,Economy,47,631,28167
1632,Business,37,632,21044
1633,Business,46,633,1011
1634,Economy,7,634,6031
1635,First,6,635,1529
1636,Economy,46,636,3659
1637,Economy,4,637,12963
1638,Business,39,638,16117
1639,Business,22,639,13986
1640,Business,39,640,19430
1641,Economy,43,641,8805
1642,Business,33,642,748
1643,Business,17,643,22054
1644,Business,18,644,10863
1645,First,46,645,6506
1646,Business,16,646,9564
1647,Business,50,647,29178
1648,Business,8,648,10183
1649,First,6,649,19579
1650,First,15,650,24350
1651,Economy,40,651,25738
1652,First,45,652,3642
1653,Business,49,653,22317
1654,First,31,654,14093
1655,First,26,655,26526
1656,First,47,656,4709
1657,Economy,48,657,8152
1658,Business,23,658,27285
1659,First,23,659,18160
1660,Business,42,660,9595
1661,Economy,42,661,29927
1662,Economy,3,662,3482
1663,First,15,663,4044
1664,First,9,664,17262
1665,Business,6,665,16870
1666,First,40,666,10332
1667,First,32,667,25339
1668,Economy,43,668,2598
1669,Economy,43,669,13879
1670,Business,25,670,495
1671,Business,28,671,21383
1672,Economy,36,672,19982
1673,First,38,673,2841
1674,Business,19,674,3419
1675,First,50,675,26736
1676,Economy,3,676,11787
1677,Economy,34,677,23041
1678,First,41,678,8821
1679,Economy,4,679,29801
1680,Business,8,680,21897
1681,Business,36,681,17033
1682,First,10,682,18097
1683,Business,10,683,14838
1684,First,50,684,10650
1685,First,3,685,2623
1686,Business,15,686,9171
1687,First,1,687,5363
1688,First,38,688,223
1689,Economy,49,689,11940
1690,Business,4,690,4488
1691,Economy,4,691,15349
1692,Business,5,692,4119
1693,First,4,693,24362
1694,Business,16,694,7199
1695,First,10,695,28294
1696,Economy,5,696,22347
1697,First,34,697,16803
1698,First,22,698,24102
1699,Business,31,699,21349
1700,Business,38,700,16803
1701,Business,39,701,4974
1702,First,29,702,12673
1703,First,19,703,12317
1704,First,2,704,21860
1705,Economy,42,705,29241
1706,Economy,46,706,20645
1707,Economy,19,707,97
1708,Business,16,708,16156
1709,Business,1,709,27740
1710,Economy,2,710,24399
1711,Business,42,711,15763
1712,Business,44,712,27439
1713,First,30,713,12741
1714,Economy,27,714,2765
1715,Business,29,715,13459
1716,Economy,45,716,15787
1717,First,37,717,22192
1718,Economy,13,718,21858
1719,Business,7,719,5833
1720,First,24,720,16095
1721,First,10,721,24760
1722,Economy,19,722,28650
1723,Business,47,723,5159
1724,First,5,724,29699
1725,First,42,725,15891
1726,Business,7,726,22096
1727,First,9,727,14960
1728,Business,6,728,5257
1729,Economy,13,729,24217
1730,Economy,26,730,21366
1731,First,28,731,1521
1732,Business,42,732,7398
1733,Economy,23,733,23868
1734,Business,31,734,13965
1735,First,5,735,4320
1736,Business,22,736,26960
1737,Economy,11,737,21238
1738,Economy,32,738,2131
1739,Economy,35,739,2216
1740,Business,22,740,17534
1741,Business,29,741,28571
1742,First,18,742,1798
1743,Economy,18,743,9374
1744,Economy,9,744,5907
1745,Economy,22,745,26281
1746,First,20,746,4796
1747,Economy,38,747,28062
1748,Economy,9,748,13511
1749,Economy,25,749,7260
1750,Economy,20,750,19097
1751,First,45,751,15263
1752,Business,9,752,24775
1753,First,18,753,24314
1754,Economy,23,754,2453
1755,Economy,4,755,18446
1756,Economy,32,756,3790
1757,Economy,29,757,18807
1758,Economy,21,758,13177
1759,Business,34,759,14043
1760,Business,20,760,11388
1761,Economy,19,761,6138
1762,Economy,12,762,27010
1763,Business,45,763,29155
1764,Economy,23,764,28792
1765,First,41,765,18191
1766,First,24,766,16437
1767,Business,46,767,1985
1768,Economy,46,768,22430
1769,First,49,769,18989
1770,First,6,770,26068
1771,Business,43,771,20564
1772,Business,17,772,10017
1773,Business,17,773,14013
1774,First,10,774,12621
1775,Business,26,775,852
1776,First,47,776,14612
1777,First,36,777,12544
1778,Business,27,778,13303
1779,Business,38,779,19304
1780,First,34,780,4005
1781,Economy,15,781,26688
1782,Business,10,782,9705
1783,Business,26,783,11352
1784,Business,16,784,25469
1785,Economy,4,785,29301
1786,Economy,25,786,3520
1787,Economy,24,787,11357
1788,Economy,27,788,352
1789,Business,18,789,704
1790,Economy,12,790,1736
1791,Economy,36,791,5769
1792,Economy,4,792,23728
1793,Economy,43,793,2176
1794,Business,41,794,9413
1795,First,29,795,26897
1796,Economy,18,796,20983
1797,First,44,797,3400
1798,Business,18,798,5432
1799,Business,27,799,25272
1800,Economy,50,800,12764
1801,Economy,14,801,8216
1802,Business,43,802,10520
1803,Economy,24,803,11970
1804,Business,38,804,6074
1805,Economy,42,805,23199
1806,Economy,44,806,25137
1807,Business,40,807,18825
1808,Business,36,808,12035
1809,Economy,7,809,14172
1810,First,9,810,399
1811,Economy,25,811,21499
1812,Economy,23,812,28392
1813,First,3,813,14425
1814,Business,24,814,10932
1815,Economy,22,815,10509
1816,First,34,816,951
1817,Economy,33,817,13022
1818,First,40,818,22617
1819,Economy,18,819,7418
1820,First,34,820,25579
1821,First,17,821,27030
1822,First,43,822,14377
1823,Economy,36,823,28538
1824,Business,17,824,9564
1825,Business,17,825,10420
1826,Economy,14,826,16306
1827,First,21,827,9928
1828,Business,33,828,12097
1829,First,44,829,9072
1830,Business,34,830,21763
1831,Business,26,831,24273
1832,First,48,832,20583
1833,Economy,44,833,27769
1834,Business,2,834,25108
1835,Economy,28,835,26171
1836,Economy,4,836,5487
1837,Economy,32,837,6116
1838,First,49,838,12693
1839,Business,24,839,10044
1840,First,1,840,10070
1841,Business,8,841,23174
1842,First,47,842,15607
1843,Economy,4,843,1631
1844,Business,28,844,24540
1845,First,44,845,7922
1846,Business,5,846,10993
1847,Business,11,847,26457
1848,Economy,6,848,25432
1849,First,47,849,13104
1850,First,10,850,20888
1851,Economy,7,851,10019
1852,Business,5,852,7392
1853,Business,19,853,16208
1854,First,41,854,13758
1855,Economy,19,855,8350
1856,First,10,856,17390
1857,Economy,32,857,9264
1858,First,47,858,12489
1859,Economy,47,859,26084
1860,Business,1,860,17634
1861,First,23,861,5310
1862,Economy,12,862,28826
1863,First,32,863,16511
1864,Economy,25,864,13870
1865,Business,47,865,4404
1866,First,31,866,20353
1867,Economy,24,867,19451
1868,First,44,868,1130
1869,Economy,31,869,17632
1870,First,26,870,7218
1871,Economy,19,871,29226
1872,Economy,43,872,6231
1873,First,3,873,6384
1874,Economy,38,874,11132
1875,First,49,875,7764
1876,First,40,876,26815
1877,Business,34,877,18210
1878,Economy,11,878,27123
1879,Economy,19,879,5204
1880,First,1,880,28424
1881,Economy,35,881,6750
1882,Business,4,882,13067
1883,Business,29,883,23537
1884,First,17,884,9671
1885,Business,3,885,2156
1886,First,12,886,29079
1887,Economy,28,887,2421
1888,Economy,27,888,18181
1889,Economy,39,889,28311
1890,First,12,890,11707
1891,Economy,46,891,18607
1892,Economy,8,892,19177
1893,Economy,42,893,26692
1894,Business,47,894,14989
1895,Economy,1,895,3834
1896,Economy,10,896,18635
1897,Economy,16,897,5033
1898,Business,20,898,25983
1899,First,29,899,23723
1900,Business,32,900,25561
1901,Business,44,901,9479
1902,Business,46,902,16961
1903,Economy,21,903,12130
1904,First,6,904,7617
1905,First,24,905,145
1906,Business,15,906,6433
1907,First,41,907,10415
1908,Economy,17,908,10725
1909,Economy,43,909,25977
1910,Economy,34,910,11596
1911,First,32,911,27331
1912,Business,31,912,15260
1913,Business,17,913,29340
1914,First,44,914,13142
1915,First,37,915,11597
1916,Economy,41,916,26548
1917,Business,44,917,29738
1918,Business,49,918,8700
1919,Economy,19,919,23268
1920,Business,5,920,17555
1921,Economy,25,921,26220
1922,Business,28,922,5018
1923,First,2,923,4228
1924,Economy,49,924,5564
1925,First,39,925,17124
1926,Economy,17,926,17710
1927,Economy,31,927,25447
1928,Business,48,928,4884
1929,Business,23,929,4259
1930,Economy,26,930,22842
1931,Economy,48,931,23668
1932,Business,15,932,24777
1933,Business,27,933,27169
1934,Economy,50,934,18565
1935,Business,32,935,11637
1936,First,11,936,22127
1937,First,8,937,3920
1938,Business,41,938,3203
1939,Business,17,939,29223
1940,Business,36,940,17265
1941,Business,36,941,15348
1942,Economy,24,942,21741
1943,First,17,943,23290
1944,Business,41,944,24254
1945,First,41,945,22948
1946,First,11,946,17385
1947,Business,19,947,16586
1948,First,15,948,7517
1949,First,41,949,5591
1950,First,5,950,16429
1951,Economy,42,951,1447
1952,Economy,21,952,29677
1953,Economy,29,953,4468
1954,Business,8,954,22178
1955,Business,3,955,26878
1956,Economy,21,956,26427
1957,Economy,6,957,8440
1958,Business,38,958,14101
1959,Economy,24,959,18067
1960,Economy,7,960,12544
1961,First,15,961,10393
1962,Business,31,962,15103
1963,Economy,21,963,275
1964,Economy,19,964,495
1965,First,39,965,29150
1966,Business,10,966,27987
1967,Economy,47,967,14711
1968,Business,39,968,24923
1969,Business,14,969,21504
1970,First,27,970,17797
1971,Economy,42,971,4201
1972,Business,29,972,3558
1973,Economy,1,973,9344
1974,Economy,35,974,5432
1975,Business,20,975,6326
1976,Business,28,976,1088
1977,Business,15,977,15526
1978,First,43,978,5075
1979,Economy,12,979,6911
1980,Business,50,980,18220
1981,Economy,21,981,13534
1982,First,13,982,20065
1983,Economy,14,983,29171
1984,Economy,24,984,7671
1985,Economy,12,985,5149
1986,Economy,32,986,21330
1987,Business,7,987,12741
1988,First,32,988,6505
1989,Business,24,989,12705
1990,Business,7,990,6938
1991,Economy,17,991,12097
1992,Business,22,992,21723
1993,First,32,993,18674
1994,Business,46,994,22541
1995,First,5,995,13017
1996,Business,33,996,12904
1997,Economy,2,997,8813
1998,First,40,998,26334
1999,First,15,999,9737
2000,Business,10,1000,27663
2001,First,8,1,20763
2002,Business,45,2,16961
2003,Business,39,3,27853
2004,First,33,4,25145
2005,Business,48,5,13070
2006,Business,30,6,17429
2007,Business,5,7,16750
2008,First,43,8,12243
2009,Business,26,9,3096
2010,Business,41,10,11423
2011,Business,15,11,5814
2012,Business,15,12,6011
2013,Economy,35,13,26663
2014,First,42,14,22854
2015,First,33,15,19393
2016,Economy,50,16,9957
2017,Economy,1,17,22118
2018,Economy,1,18,21327
2019,Business,24,19,8729
2020,Business,17,20,14577
2021,Business,8,21,19594
2022,First,42,22,16769
2023,Business,24,23,9036
2024,Business,25,24,26629
2025,Business,36,25,5911
2026,Economy,15,26,14638
2027,Business,42,27,15663
2028,Economy,18,28,27771
2029,Business,19,29,25621
2030,Business,39,30,23934
2031,Economy,36,31,9788
2032,Business,37,32,3821
2033,Business,47,33,11557
2034,Economy,9,34,12023
2035,First,29,35,15218
2036,Business,40,36,7873
2037,Economy,25,37,26672
2038,Economy,39,38,3632
2039,Economy,19,39,6030
2040,Economy,42,40,3480
2041,Business,33,41,8216
2042,Economy,16,42,27651
2043,First,47,43,26519
2044,First,17,44,2239
2045,Business,28,45,18625
2046,First,4,46,5013
2047,First,4,47,26689
2048,Economy,25,48,17228
2049,Economy,33,49,1201
2050,First,19,50,14989
2051,Economy,16,51,5021
2052,Business,46,52,6111
2053,First,50,53,400
2054,Economy,9,54,16285
2055,First,21,55,23135
2056,Business,27,56,26466
2057,First,36,57,8442
2058,First,10,58,23251
2059,First,24,59,24528
2060,Economy,46,60,19400
2061,First,4,61,22206
2062,First,46,62,17346
2063,Economy,1,63,22900
2064,Economy,4,64,12988
2065,Business,26,65,18161
2066,Business,7,66,3601
2067,Economy,33,67,1164
2068,Economy,15,68,19890
2069,First,27,69,16081
2070,Economy,3,70,7633
2071,First,22,71,3224
2072,First,44,72,1992
2073,First,8,73,14767
2074,Economy,26,74,21773
2075,Economy,16,75,17835
2076,Business,47,76,11348
2077,Economy,2,77,8123
2078,Economy,44,78,23583
2079,First,30,79,26185
2080,Business,14,80,6453
2081,Economy,4,81,5087
2082,Economy,33,82,24475
2083,Business,42,83,27448
2084,First,48,84,19517
2085,Economy,40,85,13229
2086,Economy,13,86,27630
2087,Economy,23,87,9897
2088,Business,33,88,152
2089,Business,37,89,24243
2090,Business,44,90,13185
2091,Business,46,91,17849
2092,Economy,32,92,20739
2093,First,36,93,7897
2094,First,15,94,11406
2095,Economy,37,95,24404
2096,Economy,32,96,6845
2097,Economy,12,97,16166
2098,First,18,98,12347
2099,Economy,40,99,2844
2100,Business,37,100,20248
2101,First,25,101,23841
2102,Economy,45,102,17559
2103,Economy,5,103,26771
2104,Business,40,104,28123
2105,Business,16,105,11975
2106,Economy,3,106,17357
2107,Economy,12,107,9703
2108,Business,33,108,8652
2109,First,20,109,11209
2110,Economy,40,110,13882
2111,Economy,14,111,26187
2112,First,24,112,11988
2113,Business,39,113,10014
2114,First,16,114,12325
2115,Business,45,115,16671
2116,First,7,116,8407
2117,Business,45,117,13116
2118,First,4,118,7485
2119,First,42,119,29325
2120,First,21,120,4127
2121,First,27,121,15528
2122,Business,8,122,165
2123,Economy,50,123,28624
2124,Economy,35,124,9136
2125,First,35,125,6167
2126,Business,2,126,28293
2127,Business,49,127,23973
2128,Economy,46,128,13789
2129,First,23,129,22970
2130,Economy,5,130,29818
2131,First,5,131,3642
2132,Economy,7,132,21165
2133,First,6,133,18389
2134,First,22,134,8645
2135,Economy,17,135,7104
2136,First,43,136,22932
2137,First,14,137,3494
2138,Economy,1,138,25631
2139,Business,29,139,14876
2140,Business,9,140,21492
2141,First,40,141,27688
2142,Economy,6,142,2847
2143,Business,33,143,23729
2144,Economy,45,144,6339
2145,Business,12,145,11453
2146,First,16,146,9315
2147,Economy,10,147,18033
2148,Economy,9,148,3189
2149,First,32,149,19775
2150,Business,5,150,14634
2151,Economy,48,151,12300
2152,Economy,47,152,17322
2153,First,26,153,2654
2154,Business,14,154,23037
2155,First,7,155,28190
2156,First,26,156,1586
2157,First,38,157,842
2158,Business,13,158,13153
2159,Economy,20,159,25081
2160,Business,8,160,4224
2161,First,17,161,19985
2162,Economy,48,162,20133
2163,Business,22,163,17870
2164,Business,20,164,23273
2165,Economy,49,165,3174
2166,Economy,46,166,7168
2167,Business,28,167,17682
2168,Economy,45,168,8620
2169,First,24,169,22733
2170,Economy,1,170,19110
2171,Business,41,171,27450
2172,First,40,172,29336
2173,Economy,50,173,1101
2174,Business,8,174,4584
2175,Economy,16,175,20547
2176,Business,9,176,14483
2177,Business,44,177,29647
2178,First,16,178,15551
2179,First,46,179,28496
2180,First,22,180,12292
2181,Economy,39,181,25000
2182,Economy,36,182,803
2183,First,1,183,26355
2184,Business,20,184,25491
2185,First,3,185,21540
2186,Economy,16,186,19384
2187,First,8,187,27570
2188,Business,7,188,16455
2189,First,10,189,2289
2190,Economy,44,190,10046
2191,Economy,2,191,29943
2192,First,31,192,12429
2193,First,7,193,10780
2194,Economy,14,194,27155
2195,Economy,48,195,26598
2196,Economy,44,196,29213
2197,First,21,197,352
2198,First,48,198,7675
2199,Business,8,199,16949
2200,Business,21,200,8796
2201,First,4,201,12420
2202,Business,3,202,7396
2203,First,20,203,2298
2204,Business,11,204,17176
2205,Economy,43,205,22442
2206,Business,40,206,28928
2207,Business,38,207,19988
2208,Business,46,208,19842
2209,First,24,209,14331
2210,First,28,210,17416
2211,First,3,211,6670
2212,Economy,28,212,16992
2213,Economy,49,213,24780
2214,Business,4,214,24024
2215,Business,7,215,28996
2216,Economy,45,216,15907
2217,First,7,217,13820
2218,Economy,33,218,13731
2219,Economy,20,219,14559
2220,Business,28,220,19943
2221,First,39,221,13019
2222,Business,12,222,6306
2223,Business,13,223,17142
2224,First,30,224,23426
2225,Business,26,225,28443
2226,First,35,226,29860
2227,Business,37,227,27538
2228,Business,35,228,1092
2229,Business,3,229,23743
2230,Economy,37,230,7943
2231,First,15,231,26399
2232,Economy,12,232,24378
2233,Economy,38,233,29053
2234,First,43,234,10128
2235,First,2,235,22410
2236,Business,39,236,7244
2237,First,48,237,13022
2238,Economy,26,238,24780
2239,Business,20,239,17952
2240,First,12,240,27129
2241,Economy,10,241,11782
2242,Economy,7,242,23934
2243,First,37,243,18516
2244,Economy,44,244,12537
2245,Economy,6,245,26330
2246,Business,44,246,12068
2247,First,19,247,1633
2248,Economy,2,248,23353
2249,First,4,249,21554
2250,Economy,23,250,825
2251,First,40,251,3671
2252,Business,36,252,8390
2253,Economy,43,253,26566
2254,First,11,254,3077
2255,First,8,255,9383
2256,Business,28,256,5086
2257,First,13,257,1600
2258,Economy,39,258,5209
2259,First,11,259,22531
2260,Business,11,260,4974
2261,First,16,261,28073
2262,Business,7,262,6393
2263,First,50,263,9263
2264,Economy,21,264,7138
2265,First,37,265,17385
2266,Business,30,266,8909
2267,First,26,267,17053
2268,Business,11,268,5698
2269,Economy,45,269,26878
2270,Economy,41,270,9564
2271,Economy,44,271,9285
2272,Business,3,272,7394
2273,Economy,18,273,2766
2274,Business,35,274,306
2275,Economy,22,275,26905
2276,Economy,16,276,24200
2277,Economy,40,277,14172
2278,Economy,16,278,17116
2279,Economy,23,279,17228
2280,First,6,280,7563
2281,Economy,44,281,29244
2282,First,14,282,1022
2283,First,38,283,26455
2284,First,1,284,15688
2285,First,49,285,6485
2286,Business,45,286,21850
2287,First,14,287,27669
2288,Economy,1,288,3560
2289,Economy,14,289,28257
2290,Business,33,290,27244
2291,Economy,4,291,17625
2292,Business,47,292,17823
2293,Economy,38,293,26857
2294,Business,44,294,23137
2295,Economy,7,295,25392
2296,Business,35,296,21005
2297,Business,37,297,20522
2298,Economy,50,298,25902
2299,Economy,46,299,25559
2300,Business,2,300,28419
2301,First,5,301,27862
2302,Business,41,302,19823
2303,First,3,303,24271
2304,Economy,38,304,22653
2305,Economy,33,305,22611
2306,Business,34,306,286
2307,First,15,307,19850
2308,First,43,308,25711
2309,Economy,37,309,10201
2310,Business,35,310,1774
2311,First,10,311,28356
2312,Business,25,312,26743
2313,Economy,37,313,21104
2314,Business,46,314,25475
2315,First,32,315,26316
2316,First,12,316,19000
2317,Business,39,317,3277
2318,Economy,39,318,1053
2319,First,23,319,23916
2320,First,38,320,5558
2321,Business,21,321,16613
2322,First,49,322,5297
2323,Business,19,323,12935
2324,Business,15,324,6129
2325,Economy,42,325,22006
2326,First,26,326,18029
2327,First,9,327,11189
2328,Economy,28,328,28587
2329,Business,48,329,12410
2330,First,6,330,7185
2331,First,1,331,28792
2332,First,39,332,28150
2333,First,20,333,15243
2334,First,2,334,927
2335,First,32,335,16936
2336,Economy,14,336,11887
2337,First,42,337,21906
2338,Business,48,338,24919
2339,Economy,33,339,605
2340,Economy,17,340,20229
2341,First,28,341,4530
2342,First,14,342,27224
2343,First,9,343,29
2344,First,8,344,2804
2345,Business,24,345,8447
2346,Economy,30,346,11384
2347,Business,1,347,28924
2348,Economy,11,348,16854
2349,First,35,349,24836
2350,First,48,350,25847
2351,Economy,45,351,18088
2352,Business,22,352,16082
2353,Economy,33,353,562
2354,Economy,30,354,13400
2355,First,18,355,11638
2356,First,7,356,29546
2357,First,10,357,25536
2358,Business,8,358,14625
2359,First,18,359,7384
2360,First,15,360,19738
2361,First,26,361,20866
2362,First,47,362,9845
2363,First,36,363,4695
2364,Business,8,364,21698
2365,Business,14,365,11033
2366,First,20,366,24317
2367,Business,40,367,25230
2368,Business,43,368,2644
2369,First,12,369,21971
2370,First,43,370,19534
2371,Business,28,371,3990
2372,First,21,372,21979
2373,Business,26,373,11697
2374,Business,18,374,4211
2375,First,19,375,8843
2376,Business,36,376,19704
2377,Business,49,377,27886
2378,Business,10,378,15232
2379,Economy,21,379,1391
2380,First,30,380,25258
2381,Business,47,381,24482
2382,First,5,382,19655
2383,Economy,32,383,8268
2384,Economy,10,384,25302
2385,Business,28,385,25998
2386,Economy,39,386,21871
2387,First,28,387,9493
2388,Economy,39,388,136
2389,First,10,389,11806
2390,Economy,45,390,5542
2391,Economy,7,391,27840
2392,First,1,392,15094
2393,Business,39,393,15546
2394,First,16,394,17341
2395,Business,29,395,16225
2396,First,29,396,10613
2397,Business,1,397,22981
2398,First,8,398,12981
2399,Economy,17,399,6003
2400,Business,5,400,29708
2401,Economy,32,401,17724
2402,Business,34,402,2657
2403,Economy,18,403,18131
2404,Economy,34,404,14420
2405,First,30,405,24533
2406,Business,41,406,1250
2407,Economy,37,407,24586
2408,Economy,11,408,10508
2409,First,42,409,2894
2410,Economy,50,410,29511
2411,First,24,411,13872
2412,Business,34,412,4996
2413,Economy,17,413,12160
2414,First,46,414,970
2415,Economy,30,415,20245
2416,Business,46,416,13402
2417,First,20,417,12962
2418,First,22,418,5795
2419,Business,50,419,25260
2420,Business,22,420,2282
2421,Business,35,421,14145
2422,Economy,28,422,2700
2423,Business,24,423,11144
2424,First,21,424,27334
2425,Economy,49,425,17517
2426,Economy,39,426,10517
2427,Economy,26,427,17891
2428,First,15,428,8738
2429,Business,43,429,2238
2430,First,7,430,11021
2431,Economy,19,431,9072
2432,First,18,432,14930
2433,First,47,433,15000
2434,Economy,38,434,28425
2435,Economy,26,435,13181
2436,Business,17,436,19308
2437,Business,41,437,23469
2438,First,49,438,13864
2439,Economy,15,439,29899
2440,Business,3,440,14782
2441,Economy,6,441,134
2442,Economy,11,442,11990
2443,First,1,443,5097
2444,Economy,8,444,14262
2445,Economy,25,445,24803
2446,Economy,27,446,7927
2447,First,24,447,27739
2448,First,13,448,8066
2449,First,26,449,20136
2450,Business,48,450,439
2451,Business,49,451,4420
2452,Business,43,452,17594
2453,Business,31,453,27602
2454,First,36,454,18666
2455,Economy,45,455,2020
2456,Economy,22,456,28262
2457,First,36,457,23504
2458,First,13,458,19227
2459,Economy,26,459,7001
2460,First,41,460,15610
2461,Business,35,461,6551
2462,Business,23,462,6321
2463,Business,9,463,5043
2464,First,30,464,12962
2465,Economy,21,465,7248
2466,First,7,466,11962
2467,Business,5,467,24178
2468,Business,12,468,27300
2469,Business,35,469,15090
2470,Economy,12,470,22634
2471,First,20,471,25102
2472,Economy,15,472,12334
2473,Business,46,473,14940
2474,First,18,474,18489
2475,Business,15,475,25496
2476,Economy,17,476,26850
2477,Business,15,477,26220
2478,Economy,33,478,3049
2479,Economy,49,479,27791
2480,Business,2,480,15477
2481,Business,47,481,12627
2482,Economy,25,482,17588
2483,Economy,18,483,9417
2484,Economy,26,484,24261
2485,Economy,16,485,16095
2486,First,33,486,23492
2487,Business,49,487,18805
2488,Business,33,488,27402
2489,First,6,489,17553
2490,First,3,490,17246
2491,Economy,50,491,12562
2492,First,31,492,11716
2493,Economy,23,493,13235
2494,Business,6,494,5825
2495,Business,13,495,4835
2496,Economy,34,496,8814
2497,Economy,49,497,14185
2498,Business,1,498,14092
2499,First,29,499,5856
2500,Business,28,500,29947
2501,Economy,49,501,11881
2502,Business,2,502,9876
2503,Economy,32,503,16056
2504,First,36,504,25244
2505,First,45,505,26675
2506,Business,18,506,18326
2507,Business,17,507,23997
2508,Economy,39,508,9717
2509,Business,13,509,14236
2510,Business,31,510,2946
2511,Economy,47,511,16329
2512,Business,28,512,7067
2513,First,15,513,23908
2514,Economy,20,514,18658
2515,First,31,515,29340
2516,Business,10,516,4994
2517,First,7,517,8000
2518,Business,45,518,13433
2519,Economy,35,519,14886
2520,Business,22,520,26086
2521,First,26,521,4705
2522,Economy,3,522,17874
2523,Business,17,523,17907
2524,First,30,524,20410
2525,First,20,525,25746
2526,First,44,526,2377
2527,Economy,2,527,4885
2528,First,23,528,18668
2529,Business,26,529,3115
2530,Business,43,530,13924
2531,Economy,6,531,5483
2532,Business,9,532,29673
2533,First,16,533,1864
2534,First,27,534,9347
2535,Business,50,535,26128
2536,First,44,536,13649
2537,Economy,50,537,28845
2538,Business,7,538,10615
2539,First,48,539,27090
2540,First,31,540,27112
2541,Economy,21,541,26375
2542,Economy,14,542,17284
2543,Business,8,543,24209
2544,First,1,544,29193
2545,Business,12,545,17899
2546,Business,12,546,4579
2547,Economy,2,547,19528
2548,Business,48,548,2619
2549,Economy,31,549,23691
2550,Business,48,550,25370
2551,Business,28,551,29760
2552,Economy,45,552,24467
2553,Economy,18,553,14549
2554,Economy,40,554,22865
2555,First,9,555,1259
2556,Economy,10,556,5741
2557,First,39,557,9287
2558,First,41,558,9117
2559,Economy,33,559,1986
2560,Economy,22,560,2249
2561,Business,13,561,29301
2562,Business,34,562,12620
2563,Economy,41,563,10420
2564,Economy,41,564,7154
2565,Economy,2,565,23356
2566,First,16,566,223
2567,Economy,5,567,698
2568,Economy,37,568,15638
2569,Economy,22,569,14880
2570,Business,46,570,24098
2571,Economy,48,571,8431
2572,Economy,45,572,12444
2573,First,8,573,10945
2574,First,9,574,434
2575,Business,4,575,2581
2576,Business,43,576,11366
2577,First,10,577,11007
2578,Economy,26,578,4063
2579,First,21,579,27451
2580,Economy,43,580,2282
2581,Business,25,581,22696
2582,First,37,582,9483
2583,First,43,583,12698
2584,First,37,584,10930
2585,First,24,585,23238
2586,Economy,14,586,8501
2587,First,1,587,1410
2588,Economy,12,588,27745
2589,Business,20,589,19288
2590,First,27,590,18345
2591,Business,1,591,8083
2592,Economy,46,592,14329
2593,First,25,593,27524
2594,First,18,594,17433
2595,First,40,595,6332
2596,First,8,596,18419
2597,First,40,597,22752
2598,Business,25,598,12212
2599,Economy,28,599,11700
2600,First,10,600,24217
2601,Economy,35,601,9212
2602,First,36,602,9064
2603,First,10,603,8861
2604,Economy,23,604,14775
2605,Business,23,605,4427
2606,Economy,11,606,7366
2607,First,35,607,10790
2608,Business,35,608,3224
2609,Economy,10,609,28089
2610,Economy,24,610,1683
2611,Business,9,611,28996
2612,Business,15,612,8231
2613,Business,23,613,22013
2614,First,30,614,17209
2615,First,18,615,4105
2616,Economy,45,616,27541
2617,First,6,617,4559
2618,First,17,618,19989
2619,Business,4,619,10484
2620,Business,50,620,8131
2621,Economy,27,621,4842
2622,Business,1,622,16961
2623,First,36,623,29073
2624,First,30,624,18326
2625,Business,24,625,19048
2626,First,44,626,4192
2627,Business,30,627,25708
2628,First,36,628,949
2629,First,16,629,20967
2630,First,44,630,27103
2631,Economy,7,631,4036
2632,Business,13,632,12644
2633,First,24,633,28342
2634,First,18,634,29289
2635,Economy,12,635,11069
2636,Economy,16,636,889
2637,First,28,637,11195
2638,Business,17,638,14689
2639,Economy,27,639,16792
2640,Business,42,640,12992
2641,Economy,10,641,5106
2642,Business,37,642,29285
2643,First,40,643,26464
2644,Business,48,644,14335
2645,Business,43,645,10779
2646,Economy,43,646,21593
2647,Business,17,647,17273
2648,Economy,7,648,25361
2649,Business,14,649,4871
2650,Economy,16,650,21116
2651,Economy,15,651,18695
2652,First,1,652,21206
2653,First,43,653,16053
2654,Business,9,654,1111
2655,First,43,655,13446
2656,Economy,24,656,6833
2657,Business,39,657,18762
2658,First,49,658,18118
2659,Economy,24,659,9331
2660,First,22,660,5299
2661,First,31,661,14290
2662,First,17,662,7841
2663,Economy,9,663,29662
2664,Business,30,664,1367
2665,First,17,665,5312
2666,Economy,28,666,10472
2667,Business,1,667,27719
2668,Economy,24,668,6772
2669,First,22,669,4579
2670,Economy,9,670,9729
2671,Economy,14,671,17762
2672,Business,32,672,1913
2673,First,43,673,2162
2674,Economy,27,674,9253
2675,First,5,675,664
2676,Economy,8,676,11887
2677,Business,26,677,10192
2678,First,17,678,19926
2679,Economy,10,679,17369
2680,First,36,680,7848
2681,Economy,39,681,6795
2682,First,31,682,17682
2683,Business,15,683,7300
2684,Economy,6,684,29411
2685,First,2,685,9694
2686,First,32,686,7904
2687,Business,17,687,22347
2688,Economy,45,688,29682
2689,Economy,48,689,1045
2690,Business,38,690,414
2691,Economy,10,691,2081
2692,First,20,692,3770
2693,Economy,23,693,3534
2694,Economy,21,694,18082
2695,First,24,695,8119
2696,Business,35,696,12176
2697,Economy,12,697,9846
2698,Business,13,698,25918
2699,First,7,699,988
2700,First,18,700,6543
2701,Business,22,701,22898
2702,Business,8,702,214
2703,Economy,16,703,5523
2704,Business,9,704,5432
2705,First,7,705,17627
2706,Business,19,706,16465
2707,Business,44,707,29717
2708,First,19,708,29913
2709,Business,23,709,14218
2710,Economy,5,710,20880
2711,Economy,30,711,25079
2712,Business,24,712,6385
2713,Business,44,713,6992
2714,Economy,17,714,18298
2715,Economy,27,715,853
2716,Economy,5,716,3670
2717,First,50,717,11299
2718,First,37,718,4424
2719,Economy,3,719,29443
2720,Business,1,720,2052
2721,First,21,721,4868
2722,Business,17,722,21093
2723,Business,7,723,198
2724,Business,43,724,7679
2725,First,35,725,8290
2726,Economy,16,726,26342
2727,First,30,727,5884
2728,Economy,42,728,6160
2729,First,14,729,22198
2730,First,34,730,8369
2731,Business,22,731,13703
2732,Economy,13,732,6242
2733,Economy,43,733,20715
2734,First,7,734,14426
2735,First,50,735,21333
2736,Business,43,736,19501
2737,First,40,737,24739
2738,First,31,738,18236
2739,Economy,36,739,3364
2740,Economy,45,740,23784
2741,Economy,6,741,115
2742,Business,43,742,24409
2743,First,27,743,2180
2744,Economy,36,744,25357
2745,First,11,745,27793
2746,Business,47,746,4601
2747,First,6,747,3735
2748,First,34,748,2989
2749,First,32,749,18696
2750,Economy,9,750,7404
2751,Business,26,751,22800
2752,First,44,752,14474
2753,First,7,753,13169
2754,Economy,48,754,28833
2755,First,8,755,15514
2756,First,1,756,16177
2757,First,20,757,19825
2758,First,47,758,21141
2759,First,33,759,15689
2760,Business,21,760,27530
2761,Economy,30,761,9308
2762,Business,45,762,12573
2763,First,2,763,13897
2764,Business,49,764,15501
2765,Business,13,765,1423
2766,Business,11,766,16819
2767,First,39,767,12088
2768,Business,49,768,16610
2769,Economy,13,769,10570
2770,Economy,16,770,14724
2771,Business,17,771,25608
2772,First,26,772,17993
2773,Economy,21,773,26890
2774,First,27,774,9564
2775,Business,19,775,1479
2776,Economy,43,776,17762
2777,Business,42,777,7701
2778,First,4,778,7989
2779,Business,14,779,970
2780,Business,9,780,1945
2781,Economy,32,781,13511
2782,First,35,782,4440
2783,Economy,36,783,18825
2784,First,24,784,25890
2785,Economy,24,785,21790
2786,Business,1,786,20485
2787,First,49,787,4621
2788,Economy,15,788,12423
2789,Economy,5,789,7188
2790,Economy,23,790,22881
2791,Economy,6,791,8721
2792,Business,41,792,16024
2793,Business,50,793,28533
2794,Economy,20,794,13222
2795,Business,2,795,21932
2796,First,16,796,17206
2797,Economy,3,797,42
2798,Economy,4,798,24352
2799,Business,48,799,9933
2800,First,16,800,23218
2801,Economy,29,801,26985
2802,Business,33,802,5381
2803,Economy,38,803,29868
2804,Business,37,804,24485
2805,Economy,35,805,18985
2806,Business,34,806,28732
2807,Economy,20,807,11597
2808,First,3,808,6811
2809,Economy,42,809,15661
2810,First,2,810,10095
2811,Economy,20,811,594
2812,Business,34,812,9702
2813,Business,31,813,28912
2814,Business,49,814,15416
2815,First,10,815,12276
2816,Business,26,816,12903
2817,First,1,817,21029
2818,First,21,818,18486
2819,First,27,819,27609
2820,Economy,33,820,72
2821,Economy,46,821,28842
2822,Economy,37,822,4748
2823,Business,43,823,3287
2824,Economy,39,824,9573
2825,Economy,31,825,22220
2826,Business,25,826,5447
2827,Business,4,827,21815
2828,Business,10,828,20837
2829,First,31,829,15218
2830,Economy,43,830,28694
2831,First,29,831,18281
2832,First,34,832,11243
2833,Business,1,833,10432
2834,Economy,16,834,15142
2835,Business,22,835,10728
2836,First,43,836,25102
2837,Business,5,837,13764
2838,Business,6,838,22149
2839,Business,40,839,4379
2840,Economy,14,840,18987
2841,First,43,841,19428
2842,Economy,44,842,12686
2843,Economy,46,843,12053
2844,First,30,844,25983
2845,First,3,845,6391
2846,Business,35,846,1982
2847,First,32,847,11732
2848,Business,43,848,2480
2849,Business,12,849,16810
2850,Economy,16,850,29076
2851,First,6,851,494
2852,Business,12,852,26244
2853,First,10,853,2360
2854,Business,40,854,29362
2855,First,18,855,11768
2856,Economy,23,856,28478
2857,Economy,1,857,3620
2858,Business,19,858,8093
2859,Economy,11,859,18517
2860,Economy,32,860,29011
2861,Economy,8,861,10497
2862,Economy,27,862,16452
2863,Business,49,863,4860
2864,Business,13,864,16893
2865,Business,41,865,16965
2866,Business,18,866,25671
2867,Business,27,867,16025
2868,Business,28,868,22768
2869,Economy,22,869,4405
2870,Business,7,870,22740
2871,First,8,871,9167
2872,Economy,18,872,27012
2873,First,44,873,28171
2874,Business,14,874,27524
2875,Business,31,875,1630
2876,Economy,38,876,13630
2877,First,28,877,14168
2878,Economy,4,878,12582
2879,First,14,879,4948
2880,Economy,9,880,1624
2881,Business,47,881,11904
2882,Economy,6,882,4358
2883,Economy,29,883,27569
2884,First,9,884,8682
2885,Economy,12,885,11144
2886,First,14,886,21123
2887,Economy,16,887,24604
2888,Economy,30,888,11932
2889,First,22,889,28072
2890,Business,29,890,15664
2891,First,38,891,9564
2892,First,46,892,7723
2893,First,3,893,9037
2894,First,6,894,15526
2895,First,44,895,8461
2896,First,43,896,9300
2897,Economy,10,897,14728
2898,Economy,8,898,25056
2899,First,26,899,29225
2900,First,15,900,139
2901,Economy,17,901,66
2902,Business,27,902,12252
2903,Business,44,903,14413
2904,Business,6,904,5500
2905,Business,25,905,4810
2906,Business,40,906,3546
2907,Economy,1,907,4918
2908,Economy,22,908,23258
2909,Economy,37,909,10984
2910,Economy,36,910,9191
2911,Business,23,911,25328
2912,First,50,912,17119
2913,Business,5,913,22431
2914,Business,25,914,2137
2915,Business,4,915,11771
2916,Business,45,916,5712
2917,First,9,917,4601
2918,Business,32,918,2150
2919,Business,25,919,19203
2920,First,33,920,6620
2921,Economy,34,921,25143
2922,Economy,21,922,10735
2923,Economy,2,923,530
2924,Business,42,924,22634
2925,Economy,19,925,3418
2926,Business,49,926,11537
2927,First,15,927,14250
2928,First,7,928,801
2929,Economy,32,929,4011
2930,First,5,930,1968
2931,Economy,12,931,24237
2932,First,14,932,11167
2933,Economy,14,933,3753
2934,Business,43,934,29831
2935,Economy,29,935,20183
2936,Business,15,936,24467
2937,Economy,20,937,14865
2938,Business,44,938,23268
2939,Economy,12,939,10173
2940,Business,32,940,26037
2941,Business,26,941,17506
2942,Economy,1,942,9969
2943,Business,32,943,3386
2944,Business,50,944,9701
2945,First,12,945,26054
2946,Business,34,946,3767
2947,Business,15,947,20768
2948,First,35,948,3752
2949,Economy,10,949,10789
2950,Business,30,950,22663
2951,Business,20,951,17984
2952,Economy,10,952,14921
2953,Economy,6,953,26800
2954,Economy,13,954,23233
2955,Business,3,955,2747
2956,Economy,38,956,26732
2957,Economy,6,957,5591
2958,Economy,42,958,22155
2959,Economy,31,959,26764
2960,Business,49,960,19533
2961,Business,13,961,26973
2962,Economy,11,962,6526
2963,First,1,963,13261
2964,Business,25,964,2635
2965,First,46,965,25068
2966,Economy,33,966,27656
2967,Economy,17,967,24374
2968,First,6,968,14298
2969,Business,50,969,13966
2970,First,27,970,3549
2971,First,18,971,507
2972,First,39,972,6097
2973,Business,44,973,5246
2974,Business,44,974,12290
2975,Economy,35,975,3402
2976,First,17,976,4513
2977,Economy,44,977,5807
2978,Business,13,978,5481
2979,Business,28,979,6656
2980,Economy,48,980,13371
2981,First,35,981,16165
2982,First,42,982,28046
2983,Business,43,983,10919
2984,Economy,46,984,29787
2985,Business,49,985,23386
2986,First,26,986,18500
2987,Economy,34,987,14173
2988,Business,34,988,28030
2989,Economy,30,989,10336
2990,Business,33,990,12598
2991,Economy,10,991,19148
2992,Business,16,992,27643
2993,First,43,993,18523
2994,Economy,13,994,21140
2995,First,7,995,13611
2996,Business,40,996,26172
2997,Economy,43,997,17450
2998,Economy,14,998,20857
2999,First,14,999,2889
3000,Economy,5,1000,5379