Flight_ID,Departure_Date,Departure_Time,Arrival_Date,Arrival_Time,Route_ID
1,3/1/23,15:48,3/2/23,14:13,1758
2,3/2/23,8:05,3/3/23,22:59,1946
3,3/3/23,18:19,3/4/23,15:54,2009
4,3/4/23,21:55,3/5/23,16:15,2923
5,3/5/23,14:40,3/6/23,12:04,324
6,3/6/23,10:38,3/7/23,22:30,837
7,3/7/23,15:47,3/8/23,17:43,8745
8,3/8/23,14:32,3/9/23,13:53,921
9,3/9/23,21:24,3/10/23,15:11,5360
10,3/10/23,8:39,3/11/23,18:12,2922
11,3/11/23,19:16,3/12/23,17:37,5265
12,3/12/23,14:34,3/13/23,23:45,1287
13,3/13/23,12:08,3/14/23,21:58,241
14,3/14/23,17:44,3/15/23,12:56,2538
15,3/15/23,8:03,3/16/23,18:31,15999
16,3/16/23,12:10,3/17/23,23:39,130
17,3/17/23,19:14,3/18/23,19:31,4296
18,3/18/23,15:14,3/19/23,16:32,5461
19,3/19/23,11:42,3/20/23,16:07,1889
20,3/20/23,16:20,3/21/23,18:21,9666
21,3/21/23,9:37,3/22/23,15:53,3320
22,3/22/23,21:14,3/23/23,17:41,2439
23,3/23/23,17:09,3/24/23,12:19,8745
24,3/24/23,20:57,3/25/23,17:31,2822
25,3/25/23,15:19,3/26/23,20:06,2421
26,3/26/23,10:03,3/27/23,23:46,4611
27,3/27/23,13:55,3/28/23,18:42,1531
28,3/28/23,15:07,3/29/23,16:44,3952
29,3/29/23,8:31,3/30/23,23:38,2009
30,3/30/23,16:12,3/31/23,11:00,4091
31,3/31/23,10:32,2023-03-32,21:51,4248
32,2023-03-32,16:00,2023-03-33,15:13,2009
33,2023-03-33,15:00,2023-03-34,15:16,5325
34,2023-03-34,17:06,2023-03-35,19:48,3952
35,2023-03-35,18:26,2023-03-36,11:18,4608
36,2023-03-36,9:23,2023-03-37,11:26,2660
37,2023-03-37,21:18,2023-03-38,21:40,1925
38,2023-03-38,9:53,2023-03-39,20:00,3329
39,2023-03-39,10:19,2023-03-40,11:07,2548
40,2023-03-40,15:51,2023-03-41,20:42,2183
41,2023-03-41,21:46,2023-03-42,16:18,3865
42,2023-03-42,18:42,2023-03-43,19:26,3737
43,2023-03-43,16:50,2023-03-44,23:14,2468
44,2023-03-44,17:03,2023-03-45,20:17,13983
45,2023-03-45,10:38,2023-03-46,11:36,17095
46,2023-03-46,14:40,2023-03-47,21:23,4248
47,2023-03-47,14:20,2023-03-48,15:41,751
48,2023-03-48,20:46,2023-03-49,16:12,5281
49,2023-03-49,13:52,2023-03-50,19:01,5209
50,2023-03-50,11:54,2023-03-51,10:56,4248
51,2023-03-51,15:21,2023-03-52,10:09,12978
52,2023-03-52,21:28,2023-03-53,12:26,4066
53,2023-03-53,14:38,2023-03-54,23:37,4089
54,2023-03-54,16:44,2023-03-55,17:14,13200
55,2023-03-55,15:08,2023-03-56,19:47,4840
56,2023-03-56,21:56,2023-03-57,20:39,4319
57,2023-03-57,9:45,2023-03-58,16:25,3788
58,2023-03-58,12:07,2023-03-59,20:29,4296
59,2023-03-59,11:31,2023-03-60,14:22,3737
60,2023-03-60,10:42,2023-03-61,14:38,2765
61,2023-03-61,21:47,2023-03-62,21:48,2297
62,2023-03-62,10:08,2023-03-63,12:34,1758
63,2023-03-63,14:50,2023-03-64,10:24,2193
64,2023-03-64,16:08,2023-03-65,15:40,4611
65,2023-03-65,18:33,2023-03-66,12:12,2297
66,2023-03-66,11:45,2023-03-67,10:13,439
67,2023-03-67,18:21,2023-03-68,19:39,439
68,2023-03-68,13:35,2023-03-69,13:11,4608
69,2023-03-69,20:40,2023-03-70,17:48,439
70,2023-03-70,20:00,2023-03-71,15:26,751
71,2023-03-71,17:30,2023-03-72,14:53,4296
72,2023-03-72,9:18,2023-03-73,21:55,3000
73,2023-03-73,13:58,2023-03-74,21:08,3342
74,2023-03-74,19:38,2023-03-75,16:00,1683
75,2023-03-75,14:23,2023-03-76,14:00,4547
76,2023-03-76,13:04,2023-03-77,15:32,\N
77,2023-03-77,10:02,2023-03-78,14:37,596
78,2023-03-78,12:08,2023-03-79,12:22,35
79,2023-03-79,12:53,2023-03-80,15:30,4611
80,2023-03-80,12:25,2023-03-81,20:36,5360
81,2023-03-81,13:34,2023-03-82,14:21,1767
82,2023-03-82,9:51,2023-03-83,21:01,1767
83,2023-03-83,11:45,2023-03-84,18:16,214
84,2023-03-84,14:43,2023-03-85,15:14,3090
85,2023-03-85,14:52,2023-03-86,13:56,2297
86,2023-03-86,14:53,2023-03-87,11:07,4296
87,2023-03-87,12:04,2023-03-88,22:59,3865
88,2023-03-88,15:43,2023-03-89,18:39,220
89,2023-03-89,8:54,2023-03-90,20:34,2835
90,2023-03-90,12:25,2023-03-91,15:55,5209
91,2023-03-91,17:04,2023-03-92,23:47,515
92,2023-03-92,10:43,2023-03-93,20:45,2350
93,2023-03-93,14:54,2023-03-94,19:54,897
94,2023-03-94,12:24,2023-03-95,13:46,8745
95,2023-03-95,8:04,2023-03-96,17:05,2822
96,2023-03-96,9:58,2023-03-97,21:45,24
97,2023-03-97,16:30,2023-03-98,10:04,1767
98,2023-03-98,13:41,2023-03-99,20:43,324
99,2023-03-99,8:35,2023-03-100,16:20,5265
100,2023-03-100,18:46,2023-03-101,21:44,2009
101,2023-03-101,19:20,2023-03-102,15:04,24
102,2023-03-102,8:00,2023-03-103,10:36,5265
103,2023-03-103,10:55,2023-03-104,22:48,3090
104,2023-03-104,17:50,2023-03-105,20:38,324
105,2023-03-105,20:38,2023-03-106,16:39,4296
106,2023-03-106,20:27,2023-03-107,16:30,4547
107,2023-03-107,9:54,2023-03-108,11:50,24
108,2023-03-108,18:33,2023-03-109,21:24,2850
109,2023-03-109,11:05,2023-03-110,15:09,5209
110,2023-03-110,16:58,2023-03-111,11:35,1316
111,2023-03-111,20:11,2023-03-112,10:05,5265
112,2023-03-112,11:53,2023-03-113,18:43,4044
113,2023-03-113,18:39,2023-03-114,19:50,321
114,2023-03-114,14:14,2023-03-115,19:25,2822
115,2023-03-115,10:18,2023-03-116,14:25,837
116,2023-03-116,16:08,2023-03-117,15:43,692
117,2023-03-117,18:39,2023-03-118,16:23,240
118,2023-03-118,12:26,2023-03-119,13:16,24
119,2023-03-119,15:10,2023-03-120,13:41,4608
120,2023-03-120,10:51,2023-03-121,18:46,2548
121,2023-03-121,16:09,2023-03-122,12:58,2822
122,2023-03-122,17:02,2023-03-123,22:34,794
123,2023-03-123,11:47,2023-03-124,19:07,3811
124,2023-03-124,8:04,2023-03-125,16:16,3378
125,2023-03-125,21:04,2023-03-126,11:37,4687
126,2023-03-126,10:41,2023-03-127,13:49,1758
127,2023-03-127,16:44,2023-03-128,22:20,2660
128,2023-03-128,15:55,2023-03-129,11:14,345
129,2023-03-129,10:38,2023-03-130,12:41,2009
130,2023-03-130,13:08,2023-03-131,15:58,2056
131,2023-03-131,21:33,2023-03-132,15:15,4296
132,2023-03-132,9:55,2023-03-133,21:52,5209
133,2023-03-133,14:28,2023-03-134,21:52,3090
134,2023-03-134,16:14,2023-03-135,20:56,4305
135,2023-03-135,18:01,2023-03-136,14:57,2439
136,2023-03-136,8:38,2023-03-137,16:15,5484
137,2023-03-137,11:48,2023-03-138,13:16,3090
138,2023-03-138,13:37,2023-03-139,19:11,130
139,2023-03-139,20:57,2023-03-140,17:15,1767
140,2023-03-140,9:43,2023-03-141,17:42,137
141,2023-03-141,13:34,2023-03-142,12:29,214
142,2023-03-142,19:16,2023-03-143,23:39,4547
143,2023-03-143,8:58,2023-03-144,20:45,2638
144,2023-03-144,21:57,2023-03-145,17:00,1203
145,2023-03-145,9:44,2023-03-146,22:56,321
146,2023-03-146,8:03,2023-03-147,13:29,24
147,2023-03-147,15:09,2023-03-148,19:24,5209
148,2023-03-148,13:55,2023-03-149,15:51,8745
149,2023-03-149,20:48,2023-03-150,15:40,24
150,2023-03-150,8:45,2023-03-151,17:04,837
151,2023-03-151,14:46,2023-03-152,20:03,3090
152,2023-03-152,8:58,2023-03-153,19:30,1316
153,2023-03-153,17:20,2023-03-154,10:34,2987
154,2023-03-154,9:42,2023-03-155,15:02,2009
155,2023-03-155,18:29,2023-03-156,17:04,3081
156,2023-03-156,15:41,2023-03-157,12:47,5265
157,2023-03-157,20:34,2023-03-158,21:09,3320
158,2023-03-158,21:27,2023-03-159,19:21,794
159,2023-03-159,17:34,2023-03-160,13:38,2297
160,2023-03-160,8:35,2023-03-161,20:29,690
161,2023-03-161,11:43,2023-03-162,18:26,4559
162,2023-03-162,21:30,2023-03-163,11:40,2987
163,2023-03-163,13:07,2023-03-164,12:09,324
164,2023-03-164,16:08,2023-03-165,21:35,2822
165,2023-03-165,17:17,2023-03-166,15:55,4296
166,2023-03-166,9:58,2023-03-167,14:40,1663
167,2023-03-167,12:52,2023-03-168,11:58,16942
168,2023-03-168,21:16,2023-03-169,17:22,218
169,2023-03-169,21:39,2023-03-170,13:04,5209
170,2023-03-170,14:44,2023-03-171,20:18,2822
171,2023-03-171,21:07,2023-03-172,18:24,3090
172,2023-03-172,13:38,2023-03-173,15:40,3000
173,2023-03-173,18:28,2023-03-174,14:15,3432
174,2023-03-174,13:36,2023-03-175,23:28,4611
175,2023-03-175,16:29,2023-03-176,13:59,2297
176,2023-03-176,20:59,2023-03-177,16:56,5265
177,2023-03-177,13:57,2023-03-178,11:46,330
178,2023-03-178,18:00,2023-03-179,14:56,2822
179,2023-03-179,10:37,2023-03-180,14:59,1758
180,2023-03-180,8:56,2023-03-181,14:17,5209
181,2023-03-181,18:07,2023-03-182,20:18,96
182,2023-03-182,14:42,2023-03-183,17:26,1844
183,2023-03-183,12:04,2023-03-184,13:28,1066
184,2023-03-184,18:08,2023-03-185,21:57,5325
185,2023-03-185,18:38,2023-03-186,11:49,2520
186,2023-03-186,12:40,2023-03-187,23:22,4559
187,2023-03-187,20:19,2023-03-188,23:31,24
188,2023-03-188,10:25,2023-03-189,10:50,4319
189,2023-03-189,9:42,2023-03-190,18:39,4296
190,2023-03-190,11:32,2023-03-191,11:45,330
191,2023-03-191,11:40,2023-03-192,20:28,5651
192,2023-03-192,12:19,2023-03-193,22:59,214
193,2023-03-193,15:14,2023-03-194,15:27,5325
194,2023-03-194,14:12,2023-03-195,16:41,3090
195,2023-03-195,19:05,2023-03-196,20:12,4867
196,2023-03-196,17:26,2023-03-197,21:57,24
197,2023-03-197,11:28,2023-03-198,18:02,4599
198,2023-03-198,8:43,2023-03-199,13:24,3320
199,2023-03-199,9:09,2023-03-200,17:00,4547
200,2023-03-200,17:46,2023-03-201,21:47,3320
201,2023-03-201,20:53,2023-03-202,18:10,5234
202,2023-03-202,17:15,2023-03-203,12:38,1792
203,2023-03-203,19:42,2023-03-204,21:09,2143
204,2023-03-204,17:43,2023-03-205,17:20,220
205,2023-03-205,17:44,2023-03-206,10:47,16726
206,2023-03-206,11:08,2023-03-207,14:54,16120
207,2023-03-207,8:37,2023-03-208,13:18,2468
208,2023-03-208,16:05,2023-03-209,11:22,345
209,2023-03-209,9:43,2023-03-210,18:23,1308
210,2023-03-210,15:49,2023-03-211,11:41,2520
211,2023-03-211,18:39,2023-03-212,16:48,24
212,2023-03-212,13:28,2023-03-213,20:06,3026
213,2023-03-213,11:42,2023-03-214,14:15,1868
214,2023-03-214,14:36,2023-03-215,13:00,596
215,2023-03-215,8:04,2023-03-216,14:06,2143
216,2023-03-216,8:27,2023-03-217,10:26,241
217,2023-03-217,16:25,2023-03-218,19:36,2009
218,2023-03-218,9:11,2023-03-219,13:22,10646
219,2023-03-219,8:19,2023-03-220,22:38,4687
220,2023-03-220,17:21,2023-03-221,17:05,2297
221,2023-03-221,13:11,2023-03-222,22:54,16508
222,2023-03-222,9:35,2023-03-223,21:18,2324
223,2023-03-223,12:50,2023-03-224,21:04,4089
224,2023-03-224,11:24,2023-03-225,12:43,4897
225,2023-03-225,8:43,2023-03-226,23:58,751
226,2023-03-226,11:24,2023-03-227,19:31,2350
227,2023-03-227,11:39,2023-03-228,18:01,4611
228,2023-03-228,12:44,2023-03-229,22:29,4897
229,2023-03-229,19:26,2023-03-230,14:18,4533
230,2023-03-230,12:36,2023-03-231,16:43,218
231,2023-03-231,21:16,2023-03-232,11:10,2773
232,2023-03-232,10:04,2023-03-233,22:58,214
233,2023-03-233,8:23,2023-03-234,22:07,24
234,2023-03-234,18:40,2023-03-235,14:49,24
235,2023-03-235,15:48,2023-03-236,12:14,20577
236,2023-03-236,11:55,2023-03-237,17:42,24
237,2023-03-237,21:03,2023-03-238,19:39,2923
238,2023-03-238,15:44,2023-03-239,20:49,5209
239,2023-03-239,19:40,2023-03-240,21:14,4547
240,2023-03-240,21:24,2023-03-241,21:49,4375
241,2023-03-241,14:52,2023-03-242,15:13,5309
242,2023-03-242,8:53,2023-03-243,14:45,3871
243,2023-03-243,17:30,2023-03-244,19:11,3201
244,2023-03-244,15:04,2023-03-245,11:51,4547
245,2023-03-245,18:00,2023-03-246,17:28,5209
246,2023-03-246,8:40,2023-03-247,20:28,1767
247,2023-03-247,10:58,2023-03-248,20:57,17675
248,2023-03-248,15:27,2023-03-249,10:44,218
249,2023-03-249,10:10,2023-03-250,18:49,4940
250,2023-03-250,15:15,2023-03-251,10:15,5309
251,2023-03-251,17:58,2023-03-252,23:59,146
252,2023-03-252,17:21,2023-03-253,23:08,3320
253,2023-03-253,16:41,2023-03-254,20:51,5265
254,2023-03-254,16:52,2023-03-255,10:14,1680
255,2023-03-255,18:46,2023-03-256,19:04,3126
256,2023-03-256,13:32,2023-03-257,22:01,16508
257,2023-03-257,12:31,2023-03-258,14:39,5360
258,2023-03-258,10:02,2023-03-259,10:52,690
259,2023-03-259,19:15,2023-03-260,11:09,6557
260,2023-03-260,9:52,2023-03-261,21:06,2009
261,2023-03-261,17:48,2023-03-262,18:04,4296
262,2023-03-262,16:00,2023-03-263,10:01,2520
263,2023-03-263,17:08,2023-03-264,21:28,5309
264,2023-03-264,17:15,2023-03-265,11:10,2541
265,2023-03-265,17:39,2023-03-266,12:05,439
266,2023-03-266,12:38,2023-03-267,16:27,137
267,2023-03-267,8:04,2023-03-268,22:55,1663
268,2023-03-268,20:53,2023-03-269,21:39,14485
269,2023-03-269,10:34,2023-03-270,17:03,751
270,2023-03-270,15:47,2023-03-271,23:25,596
271,2023-03-271,8:10,2023-03-272,10:00,6557
272,2023-03-272,11:16,2023-03-273,10:40,5265
273,2023-03-273,17:37,2023-03-274,13:17,4319
274,2023-03-274,18:00,2023-03-275,23:19,5209
275,2023-03-275,16:54,2023-03-276,10:16,19305
276,2023-03-276,13:18,2023-03-277,19:22,4259
277,2023-03-277,20:04,2023-03-278,20:13,595
278,2023-03-278,10:21,2023-03-279,14:47,24
279,2023-03-279,11:13,2023-03-280,22:32,1756
280,2023-03-280,10:54,2023-03-281,21:16,1581
281,2023-03-281,9:41,2023-03-282,13:48,16726
282,2023-03-282,17:41,2023-03-283,21:04,3805
283,2023-03-283,14:24,2023-03-284,11:07,4867
284,2023-03-284,8:42,2023-03-285,22:50,1758
285,2023-03-285,16:35,2023-03-286,11:19,4259
286,2023-03-286,15:04,2023-03-287,16:40,4259
287,2023-03-287,9:12,2023-03-288,17:52,2245
288,2023-03-288,16:13,2023-03-289,15:06,214
289,2023-03-289,8:13,2023-03-290,14:16,3674
290,2023-03-290,18:48,2023-03-291,14:18,20976
291,2023-03-291,14:29,2023-03-292,21:38,4292
292,2023-03-292,20:55,2023-03-293,23:55,3378
293,2023-03-293,11:08,2023-03-294,17:06,1316
294,2023-03-294,13:15,2023-03-295,21:01,4329
295,2023-03-295,16:10,2023-03-296,23:00,4547
296,2023-03-296,12:16,2023-03-297,16:53,330
297,2023-03-297,12:52,2023-03-298,16:08,524
298,2023-03-298,17:08,2023-03-299,19:59,5265
299,2023-03-299,12:14,2023-03-300,12:23,4296
300,2023-03-300,13:51,2023-03-301,21:37,3952
301,2023-03-301,11:58,2023-03-302,23:32,3233
302,2023-03-302,16:12,2023-03-303,16:26,2773
303,2023-03-303,20:31,2023-03-304,23:20,3498
304,2023-03-304,19:45,2023-03-305,13:41,3021
305,2023-03-305,15:42,2023-03-306,20:14,1790
306,2023-03-306,16:22,2023-03-307,17:09,1472
307,2023-03-307,21:01,2023-03-308,17:34,1758
308,2023-03-308,12:14,2023-03-309,12:38,2143
309,2023-03-309,17:07,2023-03-310,14:27,4609
310,2023-03-310,16:18,2023-03-311,14:56,4259
311,2023-03-311,18:35,2023-03-312,16:03,4867
312,2023-03-312,8:41,2023-03-313,21:40,1729
313,2023-03-313,17:32,2023-03-314,16:06,2575
314,2023-03-314,10:25,2023-03-315,12:12,1316
315,2023-03-315,13:18,2023-03-316,23:38,5041
316,2023-03-316,10:03,2023-03-317,19:22,1531
317,2023-03-317,14:16,2023-03-318,20:06,4435
318,2023-03-318,12:13,2023-03-319,18:25,515
319,2023-03-319,14:43,2023-03-320,20:59,214
320,2023-03-320,17:14,2023-03-321,19:58,5209
321,2023-03-321,21:46,2023-03-322,19:06,1492
322,2023-03-322,15:57,2023-03-323,15:52,1758
323,2023-03-323,11:28,2023-03-324,11:32,3026
324,2023-03-324,15:49,2023-03-325,11:58,324
325,2023-03-325,18:19,2023-03-326,13:18,3090
326,2023-03-326,17:22,2023-03-327,22:43,2520
327,2023-03-327,8:29,2023-03-328,17:48,596
328,2023-03-328,21:59,2023-03-329,23:10,1355
329,2023-03-329,16:40,2023-03-330,23:09,576
330,2023-03-330,20:46,2023-03-331,12:16,5209
331,2023-03-331,15:08,2023-03-332,22:16,3290
332,2023-03-332,16:43,2023-03-333,23:09,1355
333,2023-03-333,17:38,2023-03-334,15:00,386
334,2023-03-334,12:35,2023-03-335,23:40,1422
335,2023-03-335,16:20,2023-03-336,14:51,2009
336,2023-03-336,15:36,2023-03-337,22:32,4547
337,2023-03-337,13:33,2023-03-338,12:07,24
338,2023-03-338,14:38,2023-03-339,14:44,524
339,2023-03-339,14:19,2023-03-340,12:42,345
340,2023-03-340,12:07,2023-03-341,19:06,596
341,2023-03-341,19:59,2023-03-342,22:02,2297
342,2023-03-342,18:43,2023-03-343,17:20,241
343,2023-03-343,12:47,2023-03-344,18:25,576
344,2023-03-344,8:37,2023-03-345,12:03,5265
345,2023-03-345,20:16,2023-03-346,22:13,3090
346,2023-03-346,12:43,2023-03-347,16:23,24
347,2023-03-347,15:18,2023-03-348,23:15,2850
348,2023-03-348,14:44,2023-03-349,18:01,14849
349,2023-03-349,10:31,2023-03-350,10:57,1758
350,2023-03-350,16:47,2023-03-351,16:14,8745
351,2023-03-351,11:00,2023-03-352,15:29,3052
352,2023-03-352,14:26,2023-03-353,16:54,1006
353,2023-03-353,16:47,2023-03-354,19:05,3287
354,2023-03-354,10:03,2023-03-355,17:07,751
355,2023-03-355,21:41,2023-03-356,22:54,1767
356,2023-03-356,17:59,2023-03-357,15:11,2421
357,2023-03-357,21:21,2023-03-358,17:29,4091
358,2023-03-358,11:41,2023-03-359,23:53,1767
359,2023-03-359,19:09,2023-03-360,23:27,5209
360,2023-03-360,19:16,2023-03-361,23:53,20577
361,2023-03-361,11:43,2023-03-362,14:10,214
362,2023-03-362,21:12,2023-03-363,19:00,4296
363,2023-03-363,13:19,2023-03-364,15:35,2009
364,2023-03-364,11:08,2023-03-365,23:43,2417
365,2023-03-365,16:37,2023-03-366,21:16,2439
366,2023-03-366,16:51,2023-03-367,20:22,3090
367,2023-03-367,9:16,2023-03-368,21:30,1790
368,2023-03-368,18:09,2023-03-369,23:44,4091
369,2023-03-369,17:47,2023-03-370,18:49,1758
370,2023-03-370,19:42,2023-03-371,21:18,2692
371,2023-03-371,20:16,2023-03-372,21:44,5265
372,2023-03-372,15:26,2023-03-373,22:03,1767
373,2023-03-373,18:35,2023-03-374,16:32,3320
374,2023-03-374,18:31,2023-03-375,21:04,4547
375,2023-03-375,8:25,2023-03-376,21:19,3320
376,2023-03-376,12:43,2023-03-377,17:27,5209
377,2023-03-377,14:29,2023-03-378,22:20,5265
378,2023-03-378,12:48,2023-03-379,14:36,240
379,2023-03-379,21:35,2023-03-380,22:54,324
380,2023-03-380,20:45,2023-03-381,18:04,690
381,2023-03-381,21:53,2023-03-382,21:49,330
382,2023-03-382,21:49,2023-03-383,19:45,1683
383,2023-03-383,10:24,2023-03-384,21:26,1908
384,2023-03-384,12:36,2023-03-385,11:31,2009
385,2023-03-385,20:03,2023-03-386,15:57,225
386,2023-03-386,18:52,2023-03-387,10:25,4611
387,2023-03-387,15:32,2023-03-388,19:54,596
388,2023-03-388,17:49,2023-03-389,18:04,1316
389,2023-03-389,20:30,2023-03-390,13:17,\N
390,2023-03-390,15:53,2023-03-391,10:16,24
391,2023-03-391,15:16,2023-03-392,10:08,1868
392,2023-03-392,20:07,2023-03-393,14:56,3354
393,2023-03-393,11:04,2023-03-394,12:59,4897
394,2023-03-394,20:15,2023-03-395,16:58,5067
395,2023-03-395,14:49,2023-03-396,16:30,1925
396,2023-03-396,21:38,2023-03-397,12:32,622
397,2023-03-397,16:15,2023-03-398,22:20,4687
398,2023-03-398,16:08,2023-03-399,10:51,4296
399,2023-03-399,12:12,2023-03-400,14:41,312
400,2023-03-400,16:20,2023-03-401,18:06,491
401,2023-03-401,10:16,2023-03-402,13:20,3871
402,2023-03-402,13:27,2023-03-403,10:02,3000
403,2023-03-403,19:39,2023-03-404,14:28,3778
404,2023-03-404,11:08,2023-03-405,23:53,17885
405,2023-03-405,21:52,2023-03-406,21:31,4296
406,2023-03-406,10:47,2023-03-407,20:38,1925
407,2023-03-407,10:49,2023-03-408,21:21,4296
408,2023-03-408,13:07,2023-03-409,12:44,4797
409,2023-03-409,21:11,2023-03-410,13:44,2056
410,2023-03-410,13:07,2023-03-411,23:45,3320
411,2023-03-411,19:19,2023-03-412,17:39,35
412,2023-03-412,17:50,2023-03-413,11:38,1868
413,2023-03-413,21:53,2023-03-414,19:58,1767
414,2023-03-414,12:45,2023-03-415,11:53,2987
415,2023-03-415,16:00,2023-03-416,18:21,3589
416,2023-03-416,9:08,2023-03-417,21:23,4940
417,2023-03-417,19:27,2023-03-418,22:02,2183
418,2023-03-418,14:37,2023-03-419,18:11,3320
419,2023-03-419,16:30,2023-03-420,23:19,15837
420,2023-03-420,18:23,2023-03-421,23:54,137
421,2023-03-421,10:18,2023-03-422,12:49,2942
422,2023-03-422,11:41,2023-03-423,17:12,10646
423,2023-03-423,18:48,2023-03-424,23:31,4296
424,2023-03-424,11:55,2023-03-425,22:13,5479
425,2023-03-425,13:54,2023-03-426,21:32,1767
426,2023-03-426,10:28,2023-03-427,19:51,3386
427,2023-03-427,19:37,2023-03-428,21:30,4296
428,2023-03-428,18:46,2023-03-429,21:36,3090
429,2023-03-429,9:50,2023-03-430,15:49,3287
430,2023-03-430,14:13,2023-03-431,18:26,5234
431,2023-03-431,11:05,2023-03-432,21:29,2987
432,2023-03-432,19:59,2023-03-433,11:33,1790
433,2023-03-433,15:10,2023-03-434,23:08,8745
434,2023-03-434,21:25,2023-03-435,23:05,24
435,2023-03-435,14:37,2023-03-436,13:49,1338
436,2023-03-436,14:25,2023-03-437,13:41,1317
437,2023-03-437,10:32,2023-03-438,15:03,386
438,2023-03-438,15:47,2023-03-439,23:43,4296
439,2023-03-439,12:05,2023-03-440,14:47,2417
440,2023-03-440,18:02,2023-03-441,19:51,751
441,2023-03-441,17:46,2023-03-442,13:49,5461
442,2023-03-442,12:03,2023-03-443,23:37,2091
443,2023-03-443,14:07,2023-03-444,23:13,4940
444,2023-03-444,9:56,2023-03-445,23:26,2220
445,2023-03-445,21:58,2023-03-446,14:19,3090
446,2023-03-446,18:57,2023-03-447,11:54,4259
447,2023-03-447,16:38,2023-03-448,10:40,1758
448,2023-03-448,10:02,2023-03-449,21:32,2547
449,2023-03-449,10:14,2023-03-450,20:53,4867
450,2023-03-450,15:57,2023-03-451,17:23,1758
451,2023-03-451,12:26,2023-03-452,22:34,4296
452,2023-03-452,10:21,2023-03-453,22:05,4319
453,2023-03-453,18:18,2023-03-454,23:20,96
454,2023-03-454,16:37,2023-03-455,12:41,2009
455,2023-03-455,8:37,2023-03-456,12:38,4375
456,2023-03-456,11:29,2023-03-457,14:30,3081
457,2023-03-457,19:23,2023-03-458,16:25,137
458,2023-03-458,18:41,2023-03-459,14:53,4611
459,2023-03-459,9:51,2023-03-460,21:10,921
460,2023-03-460,18:42,2023-03-461,20:14,5416
461,2023-03-461,11:45,2023-03-462,11:15,1629
462,2023-03-462,14:52,2023-03-463,14:37,5265
463,2023-03-463,18:09,2023-03-464,17:21,4547
464,2023-03-464,15:18,2023-03-465,17:56,3000
465,2023-03-465,18:35,2023-03-466,16:06,4356
466,2023-03-466,16:55,2023-03-467,19:54,897
467,2023-03-467,8:33,2023-03-468,12:59,2548
468,2023-03-468,12:10,2023-03-469,18:07,2009
469,2023-03-469,20:19,2023-03-470,19:24,240
470,2023-03-470,15:45,2023-03-471,12:01,2660
471,2023-03-471,16:40,2023-03-472,23:32,439
472,2023-03-472,13:20,2023-03-473,11:11,4329
473,2023-03-473,16:56,2023-03-474,10:18,2009
474,2023-03-474,9:04,2023-03-475,14:27,24
475,2023-03-475,19:29,2023-03-476,12:27,13088
476,2023-03-476,11:10,2023-03-477,11:11,2660
477,2023-03-477,21:18,2023-03-478,22:18,5265
478,2023-03-478,18:54,2023-03-479,20:28,3320
479,2023-03-479,19:43,2023-03-480,16:06,2660
480,2023-03-480,14:22,2023-03-481,23:15,412
481,2023-03-481,17:57,2023-03-482,11:23,1946
482,2023-03-482,20:39,2023-03-483,15:39,24
483,2023-03-483,10:03,2023-03-484,21:36,4547
484,2023-03-484,9:01,2023-03-485,14:56,3320
485,2023-03-485,20:51,2023-03-486,11:02,4951
486,2023-03-486,10:20,2023-03-487,14:49,1034
487,2023-03-487,9:20,2023-03-488,11:52,2009
488,2023-03-488,9:06,2023-03-489,12:28,1758
489,2023-03-489,9:18,2023-03-490,13:07,1936
490,2023-03-490,19:45,2023-03-491,17:05,491
491,2023-03-491,19:01,2023-03-492,17:07,1758
492,2023-03-492,8:47,2023-03-493,20:50,4305
493,2023-03-493,16:38,2023-03-494,20:24,1767
494,2023-03-494,19:12,2023-03-495,12:44,4435
495,2023-03-495,12:54,2023-03-496,22:57,3674
496,2023-03-496,8:02,2023-03-497,12:20,4296
497,2023-03-497,16:27,2023-03-498,14:50,4547
498,2023-03-498,21:28,2023-03-499,22:40,690
499,2023-03-499,12:51,2023-03-500,12:32,4296
500,2023-03-500,19:37,2023-03-501,16:32,2009
501,2023-03-501,18:41,2023-03-502,11:17,16726
502,2023-03-502,11:34,2023-03-503,15:15,9809
503,2023-03-503,11:15,2023-03-504,21:43,24
504,2023-03-504,12:03,2023-03-505,22:04,3090
505,2023-03-505,15:41,2023-03-506,19:50,28
506,2023-03-506,16:44,2023-03-507,16:43,333
507,2023-03-507,11:27,2023-03-508,13:24,2421
508,2023-03-508,20:57,2023-03-509,18:54,3163
509,2023-03-509,11:09,2023-03-510,10:21,3871
510,2023-03-510,21:53,2023-03-511,18:31,1230
511,2023-03-511,20:45,2023-03-512,17:57,2822
512,2023-03-512,13:14,2023-03-513,15:23,4454
513,2023-03-513,10:10,2023-03-514,10:38,5209
514,2023-03-514,19:54,2023-03-515,16:28,130
515,2023-03-515,10:33,2023-03-516,23:01,4296
516,2023-03-516,17:26,2023-03-517,16:30,1767
517,2023-03-517,8:59,2023-03-518,13:49,4608
518,2023-03-518,13:04,2023-03-519,20:03,1316
519,2023-03-519,11:45,2023-03-520,17:49,137
520,2023-03-520,20:32,2023-03-521,14:11,4547
521,2023-03-521,10:36,2023-03-522,11:28,4608
522,2023-03-522,16:48,2023-03-523,10:37,1767
523,2023-03-523,12:47,2023-03-524,23:28,3737
524,2023-03-524,19:36,2023-03-525,16:03,1422
525,2023-03-525,17:15,2023-03-526,22:04,3737
526,2023-03-526,21:42,2023-03-527,15:46,218
527,2023-03-527,18:15,2023-03-528,10:08,4951
528,2023-03-528,12:38,2023-03-529,16:41,4951
529,2023-03-529,11:18,2023-03-530,18:15,2297
530,2023-03-530,12:28,2023-03-531,20:24,596
531,2023-03-531,8:31,2023-03-532,21:58,2922
532,2023-03-532,14:57,2023-03-533,22:40,5325
533,2023-03-533,18:57,2023-03-534,13:01,2541
534,2023-03-534,16:17,2023-03-535,18:26,2548
535,2023-03-535,9:00,2023-03-536,11:52,24
536,2023-03-536,14:45,2023-03-537,10:44,2987
537,2023-03-537,18:12,2023-03-538,17:35,4319
538,2023-03-538,21:42,2023-03-539,18:06,35
539,2023-03-539,21:26,2023-03-540,13:15,3740
540,2023-03-540,10:47,2023-03-541,22:25,1355
541,2023-03-541,16:19,2023-03-542,21:48,2091
542,2023-03-542,11:10,2023-03-543,17:32,4248
543,2023-03-543,12:40,2023-03-544,10:44,146
544,2023-03-544,12:18,2023-03-545,16:10,4296
545,2023-03-545,13:03,2023-03-546,14:29,4296
546,2023-03-546,8:53,2023-03-547,14:32,4259
547,2023-03-547,19:14,2023-03-548,17:59,596
548,2023-03-548,15:27,2023-03-549,14:51,4296
549,2023-03-549,15:15,2023-03-550,21:03,1680
550,2023-03-550,21:42,2023-03-551,20:27,1790
551,2023-03-551,19:04,2023-03-552,14:48,3463
552,2023-03-552,10:59,2023-03-553,19:49,1767
553,2023-03-553,19:21,2023-03-554,12:44,24
554,2023-03-554,11:51,2023-03-555,21:58,5265
555,2023-03-555,10:14,2023-03-556,12:45,5209
556,2023-03-556,13:56,2023-03-557,22:29,10646
557,2023-03-557,11:03,2023-03-558,20:49,4611
558,2023-03-558,19:16,2023-03-559,13:39,4296
559,2023-03-559,18:11,2023-03-560,14:38,4435
560,2023-03-560,16:11,2023-03-561,11:09,4178
561,2023-03-561,11:29,2023-03-562,11:36,324
562,2023-03-562,12:24,2023-03-563,23:47,2922
563,2023-03-563,17:30,2023-03-564,19:28,218
564,2023-03-564,20:10,2023-03-565,11:57,3029
565,2023-03-565,12:52,2023-03-566,12:38,2222
566,2023-03-566,21:35,2023-03-567,17:38,1623
567,2023-03-567,14:58,2023-03-568,15:39,3329
568,2023-03-568,14:47,2023-03-569,21:45,4091
569,2023-03-569,12:39,2023-03-570,21:47,5038
570,2023-03-570,10:53,2023-03-571,17:47,5282
571,2023-03-571,11:28,2023-03-572,18:33,2922
572,2023-03-572,20:00,2023-03-573,16:15,515
573,2023-03-573,16:13,2023-03-574,20:53,4611
574,2023-03-574,8:07,2023-03-575,16:31,5067
575,2023-03-575,16:16,2023-03-576,15:51,137
576,2023-03-576,11:42,2023-03-577,12:54,345
577,2023-03-577,21:58,2023-03-578,12:22,10741
578,2023-03-578,9:20,2023-03-579,16:24,321
579,2023-03-579,21:38,2023-03-580,14:29,4951
580,2023-03-580,10:41,2023-03-581,18:32,2439
581,2023-03-581,21:45,2023-03-582,16:32,5265
582,2023-03-582,9:44,2023-03-583,21:15,24
583,2023-03-583,9:08,2023-03-584,16:24,1767
584,2023-03-584,21:17,2023-03-585,14:31,16136
585,2023-03-585,18:09,2023-03-586,11:14,5265
586,2023-03-586,17:59,2023-03-587,14:41,4429
587,2023-03-587,20:56,2023-03-588,14:18,3029
588,2023-03-588,8:45,2023-03-589,22:22,28
589,2023-03-589,20:10,2023-03-590,21:04,2468
590,2023-03-590,19:44,2023-03-591,21:52,751
591,2023-03-591,10:41,2023-03-592,13:48,324
592,2023-03-592,8:54,2023-03-593,19:05,1548
593,2023-03-593,12:18,2023-03-594,22:01,4375
594,2023-03-594,13:33,2023-03-595,10:02,18553
595,2023-03-595,21:04,2023-03-596,23:22,1316
596,2023-03-596,9:35,2023-03-597,21:58,751
597,2023-03-597,14:47,2023-03-598,11:11,4870
598,2023-03-598,12:11,2023-03-599,12:28,622
599,2023-03-599,19:16,2023-03-600,13:51,470
600,2023-03-600,12:51,2023-03-601,10:27,321
601,2023-03-601,14:03,2023-03-602,13:31,2009
602,2023-03-602,10:38,2023-03-603,20:49,1767
603,2023-03-603,8:23,2023-03-604,19:53,312
604,2023-03-604,13:23,2023-03-605,12:39,3871
605,2023-03-605,8:37,2023-03-606,14:18,3320
606,2023-03-606,14:46,2023-03-607,18:05,3871
607,2023-03-607,13:22,2023-03-608,16:24,4319
608,2023-03-608,17:41,2023-03-609,21:55,324
609,2023-03-609,17:45,2023-03-610,10:17,214
610,2023-03-610,14:24,2023-03-611,23:14,5461
611,2023-03-611,14:28,2023-03-612,14:39,35
612,2023-03-612,9:18,2023-03-613,23:01,2009
613,2023-03-613,16:42,2023-03-614,16:03,4304
614,2023-03-614,11:15,2023-03-615,19:54,1767
615,2023-03-615,13:36,2023-03-616,23:28,412
616,2023-03-616,11:11,2023-03-617,15:28,2143
617,2023-03-617,15:00,2023-03-618,18:54,24
618,2023-03-618,19:40,2023-03-619,23:07,24
619,2023-03-619,10:46,2023-03-620,16:45,24
620,2023-03-620,13:30,2023-03-621,14:22,137
621,2023-03-621,14:16,2023-03-622,11:34,2009
622,2023-03-622,21:46,2023-03-623,21:13,24
623,2023-03-623,16:44,2023-03-624,19:44,35
624,2023-03-624,13:15,2023-03-625,12:25,3737
625,2023-03-625,11:04,2023-03-626,11:15,16882
626,2023-03-626,18:25,2023-03-627,16:57,137
627,2023-03-627,10:38,2023-03-628,19:03,5265
628,2023-03-628,18:22,2023-03-629,19:48,24
629,2023-03-629,15:21,2023-03-630,23:57,4296
630,2023-03-630,17:14,2023-03-631,13:58,5209
631,2023-03-631,21:14,2023-03-632,15:31,4296
632,2023-03-632,14:20,2023-03-633,13:38,5439
633,2023-03-633,16:24,2023-03-634,22:06,1203
634,2023-03-634,8:00,2023-03-635,12:58,1889
635,2023-03-635,14:19,2023-03-636,19:35,603
636,2023-03-636,13:23,2023-03-637,13:45,1680
637,2023-03-637,13:00,2023-03-638,10:59,4533
638,2023-03-638,15:42,2023-03-639,23:19,5484
639,2023-03-639,11:51,2023-03-640,22:25,218
640,2023-03-640,17:01,2023-03-641,12:42,1767
641,2023-03-641,10:42,2023-03-642,14:28,4752
642,2023-03-642,8:30,2023-03-643,12:04,1317
643,2023-03-643,18:54,2023-03-644,21:28,20004
644,2023-03-644,9:07,2023-03-645,13:21,1946
645,2023-03-645,13:53,2023-03-646,16:36,5234
646,2023-03-646,21:02,2023-03-647,12:28,1680
647,2023-03-647,21:24,2023-03-648,16:44,5209
648,2023-03-648,19:48,2023-03-649,21:16,3200
649,2023-03-649,17:22,2023-03-650,11:03,837
650,2023-03-650,15:42,2023-03-651,15:58,3200
651,2023-03-651,20:55,2023-03-652,15:37,3952
652,2023-03-652,14:02,2023-03-653,17:13,20577
653,2023-03-653,18:40,2023-03-654,17:39,3463
654,2023-03-654,18:42,2023-03-655,20:39,137
655,2023-03-655,15:08,2023-03-656,15:16,8359
656,2023-03-656,11:32,2023-03-657,10:05,2193
657,2023-03-657,20:07,2023-03-658,18:32,4296
658,2023-03-658,13:33,2023-03-659,20:11,4375
659,2023-03-659,18:56,2023-03-660,16:39,596
660,2023-03-660,12:18,2023-03-661,22:27,8745
661,2023-03-661,11:01,2023-03-662,22:03,2220
662,2023-03-662,18:54,2023-03-663,16:15,137
663,2023-03-663,8:07,2023-03-664,21:54,1316
664,2023-03-664,16:38,2023-03-665,17:31,1767
665,2023-03-665,10:09,2023-03-666,22:40,5265
666,2023-03-666,17:48,2023-03-667,20:27,2660
667,2023-03-667,20:23,2023-03-668,21:31,4335
668,2023-03-668,13:09,2023-03-669,12:31,2660
669,2023-03-669,19:13,2023-03-670,22:11,5347
670,2023-03-670,17:09,2023-03-671,10:31,4547
671,2023-03-671,15:44,2023-03-672,15:39,4869
672,2023-03-672,15:19,2023-03-673,22:46,4296
673,2023-03-673,18:09,2023-03-674,20:51,330
674,2023-03-674,21:28,2023-03-675,21:38,4611
675,2023-03-675,8:40,2023-03-676,17:16,10741
676,2023-03-676,15:05,2023-03-677,16:23,3378
677,2023-03-677,20:12,2023-03-678,17:51,2056
678,2023-03-678,10:15,2023-03-679,15:52,4026
679,2023-03-679,15:23,2023-03-680,15:48,21
680,2023-03-680,9:13,2023-03-681,20:36,3090
681,2023-03-681,21:50,2023-03-682,15:13,4599
682,2023-03-682,17:42,2023-03-683,10:31,4296
683,2023-03-683,12:56,2023-03-684,16:31,324
684,2023-03-684,19:36,2023-03-685,17:31,137
685,2023-03-685,16:34,2023-03-686,11:41,2297
686,2023-03-686,21:01,2023-03-687,10:07,4429
687,2023-03-687,16:59,2023-03-688,14:41,596
688,2023-03-688,13:12,2023-03-689,14:13,2056
689,2023-03-689,14:37,2023-03-690,20:58,11806
690,2023-03-690,11:31,2023-03-691,19:50,5209
691,2023-03-691,8:33,2023-03-692,17:36,90
692,2023-03-692,19:47,2023-03-693,18:03,5209
693,2023-03-693,19:22,2023-03-694,15:20,2575
694,2023-03-694,18:25,2023-03-695,16:23,35
695,2023-03-695,17:40,2023-03-696,13:15,4319
696,2023-03-696,16:51,2023-03-697,22:02,690
697,2023-03-697,16:24,2023-03-698,23:03,24
698,2023-03-698,19:10,2023-03-699,22:21,1403
699,2023-03-699,8:35,2023-03-700,16:21,2297
700,2023-03-700,17:53,2023-03-701,21:51,4454
701,2023-03-701,8:16,2023-03-702,15:12,4599
702,2023-03-702,20:16,2023-03-703,11:38,5209
703,2023-03-703,14:43,2023-03-704,23:14,19305
704,2023-03-704,9:44,2023-03-705,23:09,4951
705,2023-03-705,10:25,2023-03-706,22:42,2922
706,2023-03-706,15:34,2023-03-707,11:48,2822
707,2023-03-707,14:10,2023-03-708,16:33,5484
708,2023-03-708,20:47,2023-03-709,15:05,333
709,2023-03-709,12:47,2023-03-710,14:03,3490
710,2023-03-710,17:02,2023-03-711,21:36,4296
711,2023-03-711,17:30,2023-03-712,14:24,345
712,2023-03-712,17:27,2023-03-713,15:36,5484
713,2023-03-713,15:44,2023-03-714,23:02,13983
714,2023-03-714,20:50,2023-03-715,23:56,5265
715,2023-03-715,11:03,2023-03-716,13:37,596
716,2023-03-716,12:27,2023-03-717,17:02,5309
717,2023-03-717,9:23,2023-03-718,10:13,4026
718,2023-03-718,10:37,2023-03-719,17:09,3090
719,2023-03-719,14:58,2023-03-720,17:21,18553
720,2023-03-720,10:04,2023-03-721,10:33,5156
721,2023-03-721,9:36,2023-03-722,23:03,17885
722,2023-03-722,14:27,2023-03-723,14:26,3000
723,2023-03-723,12:56,2023-03-724,23:05,3378
724,2023-03-724,21:56,2023-03-725,23:20,14118
725,2023-03-725,18:12,2023-03-726,12:31,83
726,2023-03-726,15:12,2023-03-727,20:46,5265
727,2023-03-727,14:31,2023-03-728,14:46,2297
728,2023-03-728,20:46,2023-03-729,11:10,2183
729,2023-03-729,20:51,2023-03-730,13:10,4870
730,2023-03-730,21:45,2023-03-731,10:36,3081
731,2023-03-731,20:56,2023-03-732,22:18,4296
732,2023-03-732,9:37,2023-03-733,15:01,1925
733,2023-03-733,10:45,2023-03-734,22:46,2822
734,2023-03-734,9:16,2023-03-735,16:36,24
735,2023-03-735,15:39,2023-03-736,17:51,1790
736,2023-03-736,16:17,2023-03-737,17:44,3163
737,2023-03-737,19:54,2023-03-738,11:07,5039
738,2023-03-738,16:10,2023-03-739,21:00,2850
739,2023-03-739,15:35,2023-03-740,21:48,5209
740,2023-03-740,20:02,2023-03-741,16:47,3788
741,2023-03-741,14:34,2023-03-742,13:22,1758
742,2023-03-742,8:28,2023-03-743,11:38,240
743,2023-03-743,16:33,2023-03-744,17:31,2222
744,2023-03-744,17:25,2023-03-745,10:15,2896
745,2023-03-745,15:55,2023-03-746,18:08,596
746,2023-03-746,8:00,2023-03-747,15:55,4599
747,2023-03-747,8:48,2023-03-748,16:41,2439
748,2023-03-748,19:53,2023-03-749,17:29,491
749,2023-03-749,17:54,2023-03-750,19:24,5234
750,2023-03-750,21:01,2023-03-751,19:00,2987
751,2023-03-751,11:46,2023-03-752,20:09,90
752,2023-03-752,21:27,2023-03-753,15:55,24
753,2023-03-753,21:20,2023-03-754,21:12,5416
754,2023-03-754,8:26,2023-03-755,15:34,2468
755,2023-03-755,18:51,2023-03-756,21:11,13983
756,2023-03-756,16:39,2023-03-757,15:54,3090
757,2023-03-757,9:30,2023-03-758,13:20,4611
758,2023-03-758,11:47,2023-03-759,18:48,4435
759,2023-03-759,13:03,2023-03-760,12:38,3200
760,2023-03-760,20:11,2023-03-761,17:59,2468
761,2023-03-761,15:33,2023-03-762,11:30,5416
762,2023-03-762,11:02,2023-03-763,11:22,4867
763,2023-03-763,12:31,2023-03-764,16:03,3200
764,2023-03-764,11:27,2023-03-765,13:33,5281
765,2023-03-765,20:05,2023-03-766,14:55,8745
766,2023-03-766,19:47,2023-03-767,22:12,4296
767,2023-03-767,8:11,2023-03-768,23:54,4091
768,2023-03-768,8:31,2023-03-769,12:40,1889
769,2023-03-769,9:23,2023-03-770,13:21,2297
770,2023-03-770,9:11,2023-03-771,18:09,218
771,2023-03-771,11:16,2023-03-772,13:49,17885
772,2023-03-772,21:17,2023-03-773,11:24,2548
773,2023-03-773,8:22,2023-03-774,15:39,5265
774,2023-03-774,19:10,2023-03-775,12:34,3342
775,2023-03-775,17:13,2023-03-776,12:39,439
776,2023-03-776,13:32,2023-03-777,21:50,10646
777,2023-03-777,18:52,2023-03-778,15:53,4435
778,2023-03-778,16:43,2023-03-779,23:32,9828
779,2023-03-779,13:51,2023-03-780,19:05,2183
780,2023-03-780,17:31,2023-03-781,23:26,2009
781,2023-03-781,10:49,2023-03-782,21:57,5360
782,2023-03-782,18:43,2023-03-783,21:20,5416
783,2023-03-783,19:06,2023-03-784,17:31,324
784,2023-03-784,8:03,2023-03-785,10:25,321
785,2023-03-785,9:47,2023-03-786,14:10,2681
786,2023-03-786,12:29,2023-03-787,15:32,4611
787,2023-03-787,13:28,2023-03-788,23:59,18946
788,2023-03-788,21:28,2023-03-789,19:43,1868
789,2023-03-789,11:22,2023-03-790,22:43,3026
790,2023-03-790,21:48,2023-03-791,19:28,12978
791,2023-03-791,9:23,2023-03-792,16:19,218
792,2023-03-792,15:56,2023-03-793,11:24,15814
793,2023-03-793,9:39,2023-03-794,11:36,20976
794,2023-03-794,10:41,2023-03-795,19:30,3320
795,2023-03-795,18:16,2023-03-796,23:39,330
796,2023-03-796,10:37,2023-03-797,10:29,214
797,2023-03-797,18:11,2023-03-798,20:37,214
798,2023-03-798,15:36,2023-03-799,19:19,9809
799,2023-03-799,16:37,2023-03-800,14:41,8745
800,2023-03-800,19:45,2023-03-801,12:18,16149
801,2023-03-801,21:22,2023-03-802,22:03,1756
802,2023-03-802,15:18,2023-03-803,16:45,3000
803,2023-03-803,9:49,2023-03-804,23:07,1790
804,2023-03-804,13:17,2023-03-805,17:41,2297
805,2023-03-805,20:39,2023-03-806,21:55,3574
806,2023-03-806,16:10,2023-03-807,20:46,596
807,2023-03-807,16:07,2023-03-808,12:30,4319
808,2023-03-808,17:06,2023-03-809,13:35,2987
809,2023-03-809,13:12,2023-03-810,21:45,4611
810,2023-03-810,17:16,2023-03-811,10:31,1463
811,2023-03-811,15:58,2023-03-812,15:21,751
812,2023-03-812,10:47,2023-03-813,21:34,28
813,2023-03-813,14:38,2023-03-814,10:28,3200
814,2023-03-814,21:15,2023-03-815,18:41,3163
815,2023-03-815,17:02,2023-03-816,15:28,1316
816,2023-03-816,13:05,2023-03-817,11:06,2987
817,2023-03-817,15:05,2023-03-818,13:32,4611
818,2023-03-818,14:10,2023-03-819,23:35,4547
819,2023-03-819,19:08,2023-03-820,15:50,1758
820,2023-03-820,12:00,2023-03-821,12:51,4611
821,2023-03-821,10:42,2023-03-822,21:25,2297
822,2023-03-822,13:09,2023-03-823,14:59,4533
823,2023-03-823,13:01,2023-03-824,13:40,1469
824,2023-03-824,14:28,2023-03-825,23:21,16150
825,2023-03-825,11:11,2023-03-826,19:20,5265
826,2023-03-826,19:59,2023-03-827,21:33,137
827,2023-03-827,14:55,2023-03-828,20:41,4691
828,2023-03-828,17:38,2023-03-829,21:02,2193
829,2023-03-829,10:44,2023-03-830,22:49,5484
830,2023-03-830,20:05,2023-03-831,19:11,4897
831,2023-03-831,13:22,2023-03-832,21:42,24
832,2023-03-832,13:19,2023-03-833,23:39,2857
833,2023-03-833,10:03,2023-03-834,17:31,5265
834,2023-03-834,14:12,2023-03-835,12:52,3378
835,2023-03-835,17:09,2023-03-836,18:49,3029
836,2023-03-836,18:13,2023-03-837,19:12,1767
837,2023-03-837,15:01,2023-03-838,20:59,4388
838,2023-03-838,13:42,2023-03-839,17:45,5265
839,2023-03-839,18:06,2023-03-840,17:59,137
840,2023-03-840,9:56,2023-03-841,20:38,324
841,2023-03-841,20:53,2023-03-842,18:45,3754
842,2023-03-842,11:24,2023-03-843,16:11,330
843,2023-03-843,10:14,2023-03-844,17:24,2922
844,2023-03-844,14:00,2023-03-845,17:29,1316
845,2023-03-845,17:13,2023-03-846,21:14,1868
846,2023-03-846,14:02,2023-03-847,22:59,4296
847,2023-03-847,12:45,2023-03-848,21:36,4611
848,2023-03-848,9:37,2023-03-849,11:35,596
849,2023-03-849,21:26,2023-03-850,10:32,4296
850,2023-03-850,9:01,2023-03-851,15:00,1767
851,2023-03-851,11:47,2023-03-852,19:42,3737
852,2023-03-852,8:34,2023-03-853,15:00,24
853,2023-03-853,20:37,2023-03-854,23:48,214
854,2023-03-854,14:53,2023-03-855,17:24,2183
855,2023-03-855,17:33,2023-03-856,20:08,4547
856,2023-03-856,16:51,2023-03-857,18:01,20577
857,2023-03-857,9:12,2023-03-858,12:42,3026
858,2023-03-858,14:58,2023-03-859,11:15,1006
859,2023-03-859,9:48,2023-03-860,11:44,2681
860,2023-03-860,14:09,2023-03-861,18:34,3163
861,2023-03-861,10:34,2023-03-862,12:30,10121
862,2023-03-862,9:09,2023-03-863,12:35,24
863,2023-03-863,9:04,2023-03-864,11:08,1548
864,2023-03-864,19:37,2023-03-865,23:02,4608
865,2023-03-865,14:15,2023-03-866,15:25,3378
866,2023-03-866,19:14,2023-03-867,22:40,4091
867,2023-03-867,17:26,2023-03-868,19:19,5325
868,2023-03-868,18:49,2023-03-869,10:17,\N
869,2023-03-869,13:15,2023-03-870,13:19,5265
870,2023-03-870,8:23,2023-03-871,21:33,4611
871,2023-03-871,11:18,2023-03-872,11:22,2439
872,2023-03-872,13:03,2023-03-873,19:30,4559
873,2023-03-873,12:27,2023-03-874,12:21,10646
874,2023-03-874,12:18,2023-03-875,18:53,5360
875,2023-03-875,16:28,2023-03-876,14:06,24
876,2023-03-876,16:37,2023-03-877,15:41,4940
877,2023-03-877,18:40,2023-03-878,23:06,2220
878,2023-03-878,20:37,2023-03-879,11:10,4547
879,2023-03-879,8:11,2023-03-880,22:15,4740
880,2023-03-880,9:48,2023-03-881,18:46,751
881,2023-03-881,12:28,2023-03-882,21:58,4533
882,2023-03-882,8:12,2023-03-883,15:50,24
883,2023-03-883,15:21,2023-03-884,19:55,231
884,2023-03-884,18:45,2023-03-885,20:50,3026
885,2023-03-885,9:15,2023-03-886,22:26,321
886,2023-03-886,16:33,2023-03-887,23:05,2297
887,2023-03-887,21:03,2023-03-888,17:09,330
888,2023-03-888,9:47,2023-03-889,20:43,2091
889,2023-03-889,8:41,2023-03-890,22:16,5461
890,2023-03-890,19:13,2023-03-891,19:59,2822
891,2023-03-891,21:45,2023-03-892,10:14,5484
892,2023-03-892,15:36,2023-03-893,19:49,751
893,2023-03-893,21:03,2023-03-894,18:03,4691
894,2023-03-894,12:18,2023-03-895,22:04,24
895,2023-03-895,21:51,2023-03-896,18:36,3201
896,2023-03-896,8:25,2023-03-897,23:21,1355
897,2023-03-897,15:34,2023-03-898,11:16,1767
898,2023-03-898,15:10,2023-03-899,12:43,5209
899,2023-03-899,16:42,2023-03-900,21:10,2297
900,2023-03-900,10:13,2023-03-901,13:39,543
901,2023-03-901,16:21,2023-03-902,20:33,8745
902,2023-03-902,10:44,2023-03-903,11:56,2638
903,2023-03-903,16:25,2023-03-904,17:26,5461
904,2023-03-904,11:01,2023-03-905,14:44,20710
905,2023-03-905,8:14,2023-03-906,10:11,3029
906,2023-03-906,14:03,2023-03-907,18:49,137
907,2023-03-907,17:22,2023-03-908,14:33,5209
908,2023-03-908,13:05,2023-03-909,14:35,2942
909,2023-03-909,12:44,2023-03-910,12:56,16508
910,2023-03-910,20:22,2023-03-911,11:31,4797
911,2023-03-911,11:58,2023-03-912,14:33,2520
912,2023-03-912,12:30,2023-03-913,14:47,321
913,2023-03-913,21:48,2023-03-914,13:53,19305
914,2023-03-914,8:35,2023-03-915,20:36,2222
915,2023-03-915,9:03,2023-03-916,16:18,1359
916,2023-03-916,16:59,2023-03-917,13:42,3290
917,2023-03-917,16:15,2023-03-918,13:16,1943
918,2023-03-918,10:06,2023-03-919,21:10,2548
919,2023-03-919,20:12,2023-03-920,22:26,2954
920,2023-03-920,12:40,2023-03-921,17:17,2009
921,2023-03-921,13:12,2023-03-922,13:41,2009
922,2023-03-922,21:55,2023-03-923,19:29,321
923,2023-03-923,17:01,2023-03-924,13:01,1758
924,2023-03-924,20:39,2023-03-925,16:32,837
925,2023-03-925,17:02,2023-03-926,10:20,1401
926,2023-03-926,20:53,2023-03-927,18:07,5360
927,2023-03-927,21:41,2023-03-928,23:11,24
928,2023-03-928,21:51,2023-03-929,18:15,690
929,2023-03-929,12:01,2023-03-930,18:31,4750
930,2023-03-930,18:36,2023-03-931,19:16,17094
931,2023-03-931,17:53,2023-03-932,22:34,24
932,2023-03-932,9:18,2023-03-933,21:48,4248
933,2023-03-933,15:35,2023-03-934,15:02,751
934,2023-03-934,17:01,2023-03-935,14:35,20577
935,2023-03-935,17:09,2023-03-936,16:48,1683
936,2023-03-936,17:19,2023-03-937,18:39,3926
937,2023-03-937,17:10,2023-03-938,21:50,20976
938,2023-03-938,19:30,2023-03-939,14:33,2421
939,2023-03-939,12:05,2023-03-940,21:06,837
940,2023-03-940,13:41,2023-03-941,21:55,6557
941,2023-03-941,16:18,2023-03-942,20:59,2822
942,2023-03-942,18:04,2023-03-943,17:03,321
943,2023-03-943,11:20,2023-03-944,12:51,2297
944,2023-03-944,14:06,2023-03-945,16:48,2421
945,2023-03-945,11:35,2023-03-946,21:16,4608
946,2023-03-946,16:34,2023-03-947,16:34,2660
947,2023-03-947,11:14,2023-03-948,19:22,96
948,2023-03-948,9:39,2023-03-949,21:01,2222
949,2023-03-949,13:33,2023-03-950,19:22,2222
950,2023-03-950,19:45,2023-03-951,20:35,96
951,2023-03-951,19:24,2023-03-952,13:36,2951
952,2023-03-952,17:22,2023-03-953,19:16,13983
953,2023-03-953,10:29,2023-03-954,22:25,502
954,2023-03-954,19:36,2023-03-955,13:17,1790
955,2023-03-955,11:57,2023-03-956,12:09,5234
956,2023-03-956,19:45,2023-03-957,18:52,220
957,2023-03-957,13:39,2023-03-958,12:17,4547
958,2023-03-958,19:54,2023-03-959,23:14,4608
959,2023-03-959,13:59,2023-03-960,13:11,794
960,2023-03-960,10:53,2023-03-961,21:32,1683
961,2023-03-961,10:20,2023-03-962,22:57,6557
962,2023-03-962,18:33,2023-03-963,11:48,13983
963,2023-03-963,15:49,2023-03-964,20:53,2183
964,2023-03-964,12:02,2023-03-965,18:05,2850
965,2023-03-965,9:39,2023-03-966,14:23,130
966,2023-03-966,20:48,2023-03-967,21:46,4951
967,2023-03-967,9:48,2023-03-968,22:56,2183
968,2023-03-968,17:39,2023-03-969,14:29,5982
969,2023-03-969,14:28,2023-03-970,15:27,4296
970,2023-03-970,8:00,2023-03-971,15:36,5039
971,2023-03-971,13:25,2023-03-972,20:53,5265
972,2023-03-972,17:42,2023-03-973,18:39,2297
973,2023-03-973,21:58,2023-03-974,11:42,24
974,2023-03-974,11:01,2023-03-975,21:11,324
975,2023-03-975,8:21,2023-03-976,18:41,2222
976,2023-03-976,19:36,2023-03-977,11:26,4329
977,2023-03-977,13:55,2023-03-978,20:29,3258
978,2023-03-978,9:50,2023-03-979,12:45,1066
979,2023-03-979,19:55,2023-03-980,19:15,1531
980,2023-03-980,17:33,2023-03-981,17:04,1886
981,2023-03-981,18:28,2023-03-982,22:02,24
982,2023-03-982,15:35,2023-03-983,21:37,2009
983,2023-03-983,17:10,2023-03-984,14:59,321
984,2023-03-984,15:35,2023-03-985,16:34,5067
985,2023-03-985,11:52,2023-03-986,19:17,4319
986,2023-03-986,17:57,2023-03-987,10:06,751
987,2023-03-987,17:45,2023-03-988,12:14,5360
988,2023-03-988,9:27,2023-03-989,20:50,5265
989,2023-03-989,9:34,2023-03-990,15:07,2009
990,2023-03-990,9:08,2023-03-991,16:43,225
991,2023-03-991,15:33,2023-03-992,17:05,6557
992,2023-03-992,20:32,2023-03-993,12:32,3021
993,2023-03-993,15:59,2023-03-994,21:48,214
994,2023-03-994,20:38,2023-03-995,21:04,5209
995,2023-03-995,13:14,2023-03-996,10:24,220
996,2023-03-996,13:16,2023-03-997,19:03,3000
997,2023-03-997,19:48,2023-03-998,23:54,4089
998,2023-03-998,20:27,2023-03-999,23:30,2822
999,2023-03-999,9:43,2023-03-1000,19:49,2547
1000,2023-03-1000,14:45,2023-03-1001,21:14,5067